Institute Id,Institute Name,City,State
IR-1-C-C-C-11557,Kuriakose Gregorios College,Kottayam,Kerala
IR-1-C-C-C-11582,St. Teresa`s College,Ernakulam,Kerala
IR-1-C-C-C-11831,S. B. College,Kottayam,Kerala
IR-1-C-C-C-20872,St. Josephs Arts & Science College,Bengaluru,Karnataka
IR-1-C-C-C-22466,Lakshmi Bai College,Delhi,Delhi
IR-1-C-C-C-29312,Post Graduate Government College for Girls,Chandigarh,Chandigarh
IR-1-C-C-C-35787,Holy Cross College,Kanyakumari,Tamil Nadu
IR-1-C-C-C-35832,Jamal Mohamed College,Tiruchirappalli,Tamil Nadu
IR-1-C-C-C-35878,National College,Tiruchirappalli,Tamil Nadu
IR-1-C-C-C-36487,V. V. Vanniaperumal College for Women,Virudhnagar,Tamil Nadu
IR-1-C-C-C-36547,The American College,Madurai,Tamil Nadu
IR-1-C-C-C-41035,Government Arts College,Tiruppur,Kerala
IR-1-C-C-C-41035,Government Arts College,Coimbatore,Kerala
IR-1-C-C-C-41104,Kongu Arts & Science College,Erode,Tamil Nadu
IR-1-C-C-C-41134,Rathinam College of Arts and Science,Coimbatore,Tamil Nadu
IR-1-C-C-C-41173,St. Xavier's College,Palayamkottai,Tamil Nadu
IR-1-C-C-C-41434,Bharati Vidyapeeth`s College of Fine Arts,Pune,Maharashtra
IR-1-C-C-C-6397,College of Vocational Studies,New Delhi,Delhi
IR-1-C-C-C-6401,Shaheed Bhagat Singh College (Evening),Delhi,Delhi
IR-1-C-C-C-8106,St. Joseph's College,Thrissur,Kerala
IR-1-E-E-C-1262,B. M. S. College of Engineering,Bengaluru,Karnataka
IR-1-E-E-C-1269,R. V. College of Engineering,Bengaluru,Karnataka
IR-1-E-E-C-1352,NITTE Meenakshi Institute of Technology,Bengaluru,Karnataka
IR-1-E-E-C-24004,AU College of Engineering,Visakhapatnam,Andhra Pradesh
IR-1-E-E-U-0014,International Institute of Information Technology,Hyderabad,Telangana
IR-1-M-M-I-1064,International Management Institute New Delhi,New Delhi,Delhi
IR-1-M-M-I-1238,Institute for Financial Management and Research,Satyavedu,Andhra Pradesh
IR-1-M-M-S-132,Xavier Labour Relations Institute,Jamshedpur,Jharkhand
IR-1-O-D-C-45515,PSG Institute of Medical Sciences & Research,Coimbatore,Tamil Nadu
IR-1-O-D-C-47762,Mahatma Gandhi Medical College and Research Institute,Puducherry,Pondicherry
IR-1-O-D-U-0036,Sri Venkateswara Institute of Medical Sciences,Tirupati,Andhra Pradesh
IR-1-O-D-U-0294,D. Y. Patil Educational Society,Kolhapur,Maharashtra
IR-1-O-O-U-0121,Goa University,Goa,Goa
IR-1-O-O-U-0146,Nirma University,Ahmedabad,Gujarat
IR-1-O-O-U-0246,University of Agricultural Sciences,Dharwad,Karnataka
IR-1-O-O-U-0347,Nagaland University,Zunheboto,Nagaland
IR-1-O-O-U-0360,Orissa University of Agriculture & Technology,Khordha,Odisha
IR-1-O-O-U-0568,Bidhan Chandra Krishi Vishwavidyalaya,Nadia,West Bengal
IR-1-P-P-C-30768,"College of Pharmacy, Pt. B. D. Sharma, PGIMS",Rohtak,Haryana
IR-1-P-P-I-1244,"Department of Pharmaceutical Sciences, Dibrugarh University",Dibrugarh,Assam
IR-2-C-OC-C-11833,Marian College,Kuttikanam,Kerala
IR-2-C-OC-C-5855,St. Xavier's College,Ahmedabad,Gujarat
IR-2-C-OC-I-1323,St. Joseph's College,Calicut,Kerala
IR-2-E-OE-U-0584,"Indian Institute of Engineering Science and Technology, Shibpur",Howrah,West Bengal
IR-2-M-EM-U-0020,Koneru Lakshmaiah Education Foundation University,Vaddeswaram,Andhra Pradesh
IR-2-O-EM-U-0020,Koneru Lakshmaiah Education Foundation University,Vaddeswaram,Andhra Pradesh
IR-2-O-OD-U-0250,Yenepoya,Mangalore,Karnataka
IR-2-O-OE-U-0507,Dayalbagh Educational Institute,Agra,Uttar Pradesh
IR-2-O-OE-U-0522,Jaypee Institute of Information Technology,Noida,Uttar Pradesh
IR-3-A-OEA-C-17029,JNAFAU School of Planning and Architecture,Hyderabad,Telangana
IR-3-E-OEP-U-0391,Birla Institute of Technology & Science,Pilani,Rajasthan
IR-3-O-ODP-I-1486,Sri Ramachandra Medical College and Research Institute,Chennai,Tamil Nadu
IR-3-O-OEA-C-26794,Thiagarajar College of Engineering,Madurai,Tamil Nadu
IR-3-O-OEM-U-0733,PES University,Bengaluru,Karnataka
IR-5-E-OEMDP-U-0473,SRM Institute of Science and Technology,Chennai,Tamil Nadu
IR-5-O-OEMDP-U-0473,SRM Institute of Science and Technology,Chennai,Tamil Nadu
IR-6-O-OEMALP-U-0006,Andhra University,Visakhapatnam,Andhra Pradesh
IR-A-C-24004,College of Engineering Visakhapatnam,Visakhapatnam,Andhra Pradesh
IR-A-C-26794,Thiagarajar College of Engineering,Madurai,Tamil Nadu
IR-A-C-43708,College of Engineering Trivandrum,Thiruvananthapuram,Kerala
IR-A-C-46330,"Faculty of Architecture, Manipal Academy of Higher Education, Manipal",Udupi,Karnataka
IR-A-C-57952,BMS College of Arhitecture,Bengaluru,Karnataka
IR-A-U-0108,Jamia Millia Islamia,New Delhi,Delhi
IR-A-U-0116,"School of Planning and Architecture, New Delhi",New Delhi,Delhi
IR-A-U-0127,Centre for Environmental Planning and Technology University,Ahmedabad,Gujarat
IR-A-U-0189,National Institute of Technology Hamirpur,Hamirpur,Himachal Pradesh
IR-A-U-0201,Shri Mata Vaishno Devi University,Katra,Jammu and Kashmir
IR-A-U-0202,Birla Institute of Technology,Ranchi,Jharkhand
IR-A-U-0263,National Institute of Technology Calicut,Kozhikode,Kerala
IR-A-U-0284,Maulana Azad National Institute of Technology,Bhopal,Madhya Pradesh
IR-A-U-0334,Visvesvaraya National Institute of Technology,Nagpur,Maharashtra
IR-A-U-0373,Chitkara University,Rajpura,Punjab
IR-A-U-0379,Lovely Professional University,Phagwara,Punjab
IR-A-U-0439,Anna University,Chennai,Tamil Nadu
IR-A-U-0454,Hindustan Institute of Technology  and Science (HITS),Chennai,Tamil Nadu
IR-A-U-0461,M. G. R. Educational and Research Institute,Chennai,Tamil Nadu
IR-A-U-0467,National Institute of Technology Tiruchirappalli,Tiruchirappalli,Tamil Nadu
IR-A-U-0496,Aligarh Muslim University,Aligarh,Uttar Pradesh
IR-A-U-0560,Indian Institute of Technology Roorkee,Roorkee,Uttarakhand
IR-A-U-0573,Indian Institute of Technology Kharagpur,Kharagpur,West Bengal
IR-A-U-0584,Indian Institute of Engineering Science and Technology,Shibpur,West Bengal
IR-A-U-0626,School of Planning and Architecture Bhopal,Bhopal,Madhya Pradesh
IR-A-U-0627,School of Planning & Architecture,Vijayawada,Andhra Pradesh
IR-A-U-0747,Chandigarh University,Mohali,Punjab
IR-C-C-11582,"St. Teresa's College, Ernakulam",Ernakulam,Kerala
IR-C-C-11615,Mar Thoma College,Tiruvalla,Kerala
IR-C-C-11616,Bishop Kurialacherry College For Women,Kottayam,Kerala
IR-C-C-11660,St. Alberts College,Ernakulam,Kerala
IR-C-C-11691,Rajagiri College of Social Sciences,Ernakulam,Kerala
IR-C-C-11697,"Maharaja's College, Ernakulam",Ernakulam,Kerala
IR-C-C-11708,Sacred Heart College,Ernakulam,Kerala
IR-C-C-11733,Newman College,Idukki,Kerala
IR-C-C-11771,CMS College Kottayam,Kottayam,Kerala
IR-C-C-11815,Mar Athanasius College,Kothamangalam,Kerala
IR-C-C-11831,"S.B. College, Changanacherry",Kottayam,Kerala
IR-C-C-11881,St. Xavier`s College,Kolkata,West Bengal
IR-C-C-11926,Ramakrishna Mission Vidyamandira,Howrah,West Bengal
IR-C-C-11971,Lady Brabourne College,Kolkata,West Bengal
IR-C-C-11986,Loreto College,Kolkata,West Bengal
IR-C-C-11991,Bethune College,Kolkata,West Bengal
IR-C-C-16178,P. D. Patel Institute of Applied Sciences,Changa,Gujarat
IR-C-C-16897,St. Aloysius College,Mangaluru,Karnataka
IR-C-C-18938,"Government Institute of Science, Nagpur",Nagpur,Maharashtra
IR-C-C-20729,"M S Ramaiah College of Arts, Science, and Commerce",Bengaluru,Karnataka
IR-C-C-20830,St. Joseph`s College of Commerce,Bengaluru,Karnataka
IR-C-C-22462,Atma Ram Sanatan Dharm College,New Delhi,Delhi
IR-C-C-22470,St. Stephens's College,Delhi,Delhi
IR-C-C-25376,Andhra Loyola College,Vijayawada,Andhra Pradesh
IR-C-C-25990,St. Francis College for Women,Hyderabad,Telangana
IR-C-C-26356,Silver Jubilee Degree College,Kurnool,Andhra Pradesh
IR-C-C-27608,Lady Irwin College,Delhi,Delhi
IR-C-C-28526,"Alagappa Government Arts College, Karaikudi",Karaikudi,Tamil Nadu
IR-C-C-29284,Government Home Science College,Chandigarh,Chandigarh
IR-C-C-29454,I. C. College of Home Science,Hisar,Haryana
IR-C-C-33555,St. Xavier`s College,Mumbai,Maharashtra
IR-C-C-33688,College of Social Work,Mumbai,Maharashtra
IR-C-C-35416,Rajiv Gandhi Institute of Information Technology and Biotechnology,Pune,Maharashtra
IR-C-C-35787,"Holy Cross College, Tiruchirappalli",Tiruchirappalli,Tamil Nadu
IR-C-C-35825,Bishop Heber College,Tiruchirappalli,Tamil Nadu
IR-C-C-35832,"Jamal Mohamed College, Tiruchirappalli",Tiruchirappalli,Tamil Nadu
IR-C-C-35860,"St. Joseph's College, Tiruchirappalli",Tiruchirappalli,Tamil Nadu
IR-C-C-36425,Muthurangam Govt. Arts College,Vellore,Tamil Nadu
IR-C-C-36502,Virudhunagar Hindu Nadars Senthikumara Nadar College,Virudhunagar,Tamil Nadu
IR-C-C-36513,Thiagarajar College,Madurai,Tamil Nadu
IR-C-C-36529,Fatima College,Madurai,Tamil Nadu
IR-C-C-36575,Sri Meenakshi Government College for Women,Madurai,Tamil Nadu
IR-C-C-36578,Lady Doak College,Madurai,Tamil Nadu
IR-C-C-36579,Ayya Nadar Janaki Ammal College,Sivakasi,Tamil Nadu
IR-C-C-39206,"S S Jain Subodh P G College, Jaipur",Jaipur,Rajasthan
IR-C-C-41035,Government Arts College,Coimbatore,Tamil Nadu
IR-C-C-41046,PSGR Krishnammal College for Women,Coimbatore,Tamil Nadu
IR-C-C-41054,Dr. N. G. P. Arts and Science College,Coimbatore,Tamil Nadu
IR-C-C-41068,Vellalar College for Women,Erode,Tamil Nadu
IR-C-C-41073,N. G. M. College,Pollachi,Tamil Nadu
IR-C-C-41096,CMS College of Science and Commerce,Coimbatore,Tamil Nadu
IR-C-C-41100,Sri Ramakrishna College of Arts and Science,Coimbatore,Tamil Nadu
IR-C-C-41106,Kongunadu Arts & Science College,Coimbatore,Tamil Nadu
IR-C-C-41110,"Government Arts College, Tiruppur",Udumalpet,Tamil Nadu
IR-C-C-41124,PSG College of Arts and Science,Coimbatore,Tamil Nadu
IR-C-C-41126,Sri Krishna Arts and Science College,Coimbatore,Tamil Nadu
IR-C-C-41157,V.O. Chidambaram College,Tuticorin,Tamil Nadu
IR-C-C-41173,St. Xavier's College,Palayamkottai,Tamil Nadu
IR-C-C-41184,Women's Christian College,Nagercoil,Tamil Nadu
IR-C-C-41189,Scott Christian College,Nagercoil,Tamil Nadu
IR-C-C-42814,Ramakrishna Mission Residential College,Kolkata,West Bengal
IR-C-C-43600,Government Arts College,Thiruvananthapuram,Kerala
IR-C-C-43649,Fatima Mata National College,Kollam,Kerala
IR-C-C-43671,"University College, Thiruvananthapuram",Thiruvananthapuram,Kerala
IR-C-C-43705,"Government College for Women, Thiruvananthapuram",Thiruvananthapuram,Kerala
IR-C-C-43711,Bishop Moore College,Alappuzha,Kerala
IR-C-C-43738,T. K. M. College of Arts and Science,Kollam,Kerala
IR-C-C-43760,Mahatma Gandhi College,Thiruvananthapuram,Kerala
IR-C-C-43767,"Mar Ivanios College, Thiruvananthapuram",Thiruvananthapuram,Kerala
IR-C-C-43783,Nirmalagiri College,Kannur,Kerala
IR-C-C-43789,Government Brennen College,Kannur,Kerala
IR-C-C-43806,Nehru Arts and Science College,Kasaragod,Kerala
IR-C-C-43874,Government College,Kasaragod,Kerala
IR-C-C-43902,Ethiraj College for Women,Chennai,Tamil Nadu
IR-C-C-43911,Anna Adarsh College for Women,Chennai,Tamil Nadu
IR-C-C-43921,Presidency College,Chennai,Tamil Nadu
IR-C-C-43931,Stella Maris College For Women,Chennai,Tamil Nadu
IR-C-C-43946,Women`s Christian College,Chennai,Tamil Nadu
IR-C-C-43964,Madras School of Social Work,Chennai,Tamil Nadu
IR-C-C-43965,Madras Christian College,Chennai,Tamil Nadu
IR-C-C-44006,Loyola College,Chennai,Tamil Nadu
IR-C-C-49799,Government Institute of Forensic Science,Nagpur,Maharashtra
IR-C-C-5855,St. Xavier's College,Ahmedabad,Gujarat
IR-C-C-6353,Sri Guru Tegh Bahadur Khalsa College,Delhi,Delhi
IR-C-C-6355,Miranda House,Delhi,Delhi
IR-C-C-6357,Shyam Lal College,Delhi,Delhi
IR-C-C-6361,Deen Dayal Upadhyaya College,New Delhi,Delhi
IR-C-C-6365,Indraprastha College for Women,Delhi,Delhi
IR-C-C-6366,Shivaji College,Delhi,Delhi
IR-C-C-6367,Daulat Ram College,Delhi,Delhi
IR-C-C-6369,Sri Venkateswara College,Delhi,Delhi
IR-C-C-6371,Ramjas College,Delhi,Delhi
IR-C-C-6377,Hindu College,Delhi,Delhi
IR-C-C-6380,Acharya Narendra Dev College,New Delhi,Delhi
IR-C-C-6381,Keshav Mahavidyalya,Delhi,Delhi
IR-C-C-6385,Kirori Mal College,Delhi,Delhi
IR-C-C-6387,Bhaskaracharya College of Applied Sciences,New Delhi,Delhi
IR-C-C-6391,Maitreyi College,New Delhi,Delhi
IR-C-C-6402,Kalindi College,Delhi,Delhi
IR-C-C-6409,Deshbandhu College,New Delhi,Delhi
IR-C-C-6411,Shaheed Sukhdev College of Business Studies,New Delhi,Delhi
IR-C-C-6412,Maharaja Agrasen College,Delhi,Delhi
IR-C-C-6413,Sri Guru Gobind Singh College of Commerce,Delhi,Delhi
IR-C-C-6415,Lady Shri Ram College For Women,New Delhi,Delhi
IR-C-C-6417,Kamala Nehru College,Delhi,Delhi
IR-C-C-6419,Shri Ram College of Commerce,Delhi,Delhi
IR-C-C-6420,Jesus & Mary College,New Delhi,Delhi
IR-C-C-6425,Hans Raj College,Delhi,Delhi
IR-C-C-6426,Shaheed Rajguru College of Applied Sciences for Women,Delhi,Delhi
IR-C-C-6429,Gargi College,Delhi,Delhi
IR-C-C-6431,Ramanujan College,New Delhi,Delhi
IR-C-C-6432,Dyal Singh College,New Delhi,Delhi
IR-C-C-6502,Kanchi Mamunivar Centre for Post Graduate  Studies,Puducherry,Pondicherry
IR-C-C-6566,Mahatma Gandhi Government Arts College,Mahe,Pondicherry
IR-C-C-8008,Vimala College,Thrissur,Kerala
IR-C-C-8010,St. Joseph's College,Kozhikode,Kerala
IR-C-C-8023,"Farook College, Kozhikkode",Kozhikode,Kerala
IR-C-C-8169,"St. Thomas College, Thrissur",Thrissur,Kerala
IR-C-C-8209,"Government Victoria College, Palakkad",Palakkad,Kerala
IR-C-C-8213,Christ College,Thrissur,Kerala
IR-C-C-9552,Sri Sarada College for Women (Autonomous),Salem,Tamil Nadu
IR-C-C-9562,Mahendra Arts & Science College,Namakkal,Tamil Nadu
IR-C-I-1293,Sri Ramakrishna Mission Vidyalaya College of Arts and Science,Coimbatore,Tamil Nadu
IR-C-I-1317,Rama Krishna Mission Vivekananda Centenary College,Rahara,West Bengal
IR-C-I-1373,Goswami Ganesh Dutta Sanatan Dharma College,Chandigarh,Chandigarh
IR-C-I-1385,Fergusson College,Pune,Maharashtra
IR-C-N-6,Queen Mary`s College,Chennai,Tamil Nadu
IR-D-C-16424,Medical College,Kolkata,West Bengal
IR-D-C-19319,K. S. Hegde Medical Academy,Mangaluru,Karnataka
IR-D-C-22461,Lady Hardinge Medical College,New Delhi,Delhi
IR-D-C-24503,Jawaharlal Nehru Medical College,Belagavi,Karnataka
IR-D-C-29209,Christian Medical College,Ludhiana,Punjab
IR-D-C-29255,Dayanand Medical College,Ludhiana,Punjab
IR-D-C-29442,Government Medical College & Hospital,Chandigarh,Chandigarh
IR-D-C-30698,Narayana Medical College,Sri Potti Sriramulu Nellore,Andhra Pradesh
IR-D-C-32922,Vardhman Mahavir Medical College & Safdarjung Hospital,New Delhi,Delhi
IR-D-C-35009,"JSS Medical College, Mysore",Mysore,Karnataka
IR-D-C-40345,M. S. Ramaiah Medical College,Bengaluru,Karnataka
IR-D-C-40453,St. John's Medical College,Bengaluru,Karnataka
IR-D-C-45515,PSG Institute of Medical Sciences & Research,Coimbatore,Tamil Nadu
IR-D-C-45654,Christian Medical College,Vellore,Tamil Nadu
IR-D-C-47556,"Tirunelveli Medical College, Tirunelveli",Tirunelveli -,Tamil Nadu
IR-D-C-47762,Mahatma Gandhi Medical College and Research Institute,Puducherry,Pondicherry
IR-D-C-49008,"Madras Medical College & Government General Hospital, Chennai",Chennai,Tamil Nadu
IR-D-C-6414,Maulana Azad Medical College,Delhi,Delhi
IR-D-C-7049,Chettinad Hospital and Research Institute,"Kelambakkam, Chengalpattu District",Tamil Nadu
IR-D-C-7242,"Kasturba Medical College, Manipal",Manipal,Karnataka
IR-D-C-7251,"Kasturba Medical College, Mangalore",Mangaluru,Karnataka
IR-D-C-9435,Regional Institute of Medical Sciences,Imphal West,Manipur
IR-D-I-1110,Dr. D. Y. Patil Vidyapeeth,Pune,Maharashtra
IR-D-I-1325,"Shri B.M.Patil Medical College, Hospital & Research Centre",Vijayapura,Karnataka
IR-D-I-1409,University College of Medical Sciences,Delhi,Delhi
IR-D-I-1441,Saveetha Institute of Medical and Technical Sciences,Chennai,Tamil Nadu
IR-D-I-1486,Sri Ramachandra Institute of Higher Education and Research,Chennai,Tamil Nadu
IR-D-N-0158,SCB Medical College and Hospital,Cuttack,Odisha
IR-D-N-15,All India Institute of Medical Sciences,New Delhi,Delhi
IR-D-N-17,Sawai Man Singh Medical College,Jaipur,Rajasthan
IR-D-N-33,Sanjay Gandhi Postgraduate Institute of Medical Sciences,Lucknow,Uttar Pradesh
IR-D-U-0036,Sri Venkateswara Institute of Medical Sciences,Tirupati,Andhra Pradesh
IR-D-U-0079,Post Graduate Institute of Medical Education and Research,Chandigarh,Chandigarh
IR-D-U-0106,Institute of Liver and Biliary Sciences,New Delhi,Delhi
IR-D-U-0107,Jamia Hamdard,New Delhi,Delhi
IR-D-U-0168,Maharishi Markandeshwar,Ambala,Haryana
IR-D-U-0236,"National Institute of Mental Health & Neuro Sciences, Bangalore",Bangalore,Karnataka
IR-D-U-0266,Sree Chitra Tirunal Institute for Medical Sciences and Technology,Thiruvananthapuram,Kerala
IR-D-U-0295,Datta Meghe Institute of Medical Sciences,Wardha,Maharashtra
IR-D-U-0311,Krishna Institute of Medical Sciences Deemed University,Karad,Maharashtra
IR-D-U-0321,"Padmashree Dr. D. Y. Patil Vidyapeeth, Mumbai",Mumbai,Maharashtra
IR-D-U-0356,Kalinga Institute of Industrial Technology,Bhubaneswar,Odisha
IR-D-U-0363,Siksha `O` Anusandhan,Bhubaneswar,Odisha
IR-D-U-0368,Jawaharlal Institute of Post Graduate Medical Education & Research,Puducherry,Pondicherry
IR-D-U-0436,Amrita Vishwa Vidyapeetham,Coimbatore,Tamil Nadu
IR-D-U-0443,Annamalai University,Annamalainagar,Tamil Nadu
IR-D-U-0473,S.R.M. Institute of Science and Technology,Chennai,Tamil Nadu
IR-D-U-0496,Aligarh Muslim University,Aligarh,Uttar Pradesh
IR-D-U-0500,Banaras Hindu University,Varanasi,Uttar Pradesh
IR-D-U-0523,King George`s Medical University,Lucknow,Uttar Pradesh
IR-D-U-0688,All India Institute of Medical Sciences Bhubaneswar,Khordha,Odisha
IR-D-U-0689,All India Institute of Medical Sciences Jodhpur,Jodhpur,Rajasthan
IR-E-C-10342,Chandigarh Engineering College,Sahibzada Ajit Singh Nagar,Punjab
IR-E-C-11015,Walchand College of Engineering,Sangli,Maharashtra
IR-E-C-1262,B.M.S. College of Engineering,Bengaluru,Karnataka
IR-E-C-1269,R.V. College of Engineering,Bengaluru,Karnataka
IR-E-C-1291,Dr. Ambedkar Institute of Technology,Bengaluru,Karnataka
IR-E-C-1297,Siddaganga Institute of Technology,Tumkur,Karnataka
IR-E-C-1331,M. S. Ramaiah Institute of Technology,Bengaluru,Karnataka
IR-E-C-1336,BMS Institute of Technology & Management,Bengaluru,Karnataka
IR-E-C-1345,P E S College of Engineering,Mandya,Karnataka
IR-E-C-1352,Nitte Meenakshi Institute of Technology,Bengaluru,Karnataka
IR-E-C-1360,Basaveshwar Engineering College,Bagalkot,Karnataka
IR-E-C-1371,New Horizon College of Engineering,Bengaluru,Karnataka
IR-E-C-1398,BNM Institute of Technology,Bengaluru,Karnataka
IR-E-C-1400,NMAM Institute of Technology,"Nitte, Udupi",Karnataka
IR-E-C-1406,C M R Institute of Technology,Bengaluru,Karnataka
IR-E-C-1412,JSS Science and Technology University,Mysuru,Karnataka
IR-E-C-1413,Dayananda Sagar College of Engineering,Bengaluru,Karnataka
IR-E-C-1438,The National Institute of Engineering,Mysore,Karnataka
IR-E-C-16476,Sri Sai Ram Institute of Technology,Chennai,Tamil Nadu
IR-E-C-16490,Vel Tech Multi Tech Dr. Rangarajan Dr. Sakunthala Engineering College,Morai,Tamil Nadu
IR-E-C-16504,Sri Venkateswara College of Engineering and Technology,Chittoor,Andhra Pradesh
IR-E-C-16537,St. Josephs College of Engineering,Kancheepuram,Tamil Nadu
IR-E-C-16547,Sri Sairam Engineering College,Kancheepuram,Tamil Nadu
IR-E-C-16560,Easwari Engineering College,Chennai,Tamil Nadu
IR-E-C-16572,Sri Venkateswara College of Engineering,Kancheepuram,Tamil Nadu
IR-E-C-16590,Saveetha Engineering College,Sriperumbudur,Tamil Nadu
IR-E-C-16604,Sri Sivasubramaniya Nadar College of Engineering,Kancheepuram,Tamil Nadu
IR-E-C-16614,R.M.K. Engineering College,Thiruvallur,Tamil Nadu
IR-E-C-16626,Rajalakshmi Engineering College,Chennai,Tamil Nadu
IR-E-C-17913,Gayatri Vidya Parishad College of Engineering,Visakhapatnam,Andhra Pradesh
IR-E-C-17962,Shri Vishnu Engineering College for Women,Bhimavaram,Andhra Pradesh
IR-E-C-18010,Velagapudi Ramakrishna Siddhartha Engineering College,Vijayawada,Andhra Pradesh
IR-E-C-18154,University College of Engingeering,Kakinada,Andhra Pradesh
IR-E-C-18254,Yeshwantrao Chavan College of Engineering,Nagpur,Maharashtra
IR-E-C-18817,G. H. Raisoni College of Engineering,Nagpur,Maharashtra
IR-E-C-18886,Shri Ramdeobaba College of Engineering and Management,Nagpur,Maharashtra
IR-E-C-19534,Goka Raju Ranga Raju Institute of Engineering & Technology,Hyderabad,Telangana
IR-E-C-19569,Padmasri Dr. B.V. Raju Institute of Technology,Medak,Telangana
IR-E-C-19607,CVR College Of Engineering,Ibrahimpatan,Telangana
IR-E-C-19650,Vardhaman College of Engineering,Rangareddy,Telangana
IR-E-C-19667,Vallurupalli Nageswara Rao Vignana Jyothi Institute of Engineering and Technology,Hyderabad,Telangana
IR-E-C-19706,Institute of Aeronautical Engineering,Hyderabad,Telangana
IR-E-C-19747,Anurag University,Hyderabad,Telangana
IR-E-C-19754,SR University,Warangal,Telangana
IR-E-C-24004,College of Engineering (A),Visakhapatnam,Andhra Pradesh
IR-E-C-24163,Sagi Ramakrishnam Raju Engineering College,Bhimavaram,Andhra Pradesh
IR-E-C-25622,Chaitanya Bharathi Institute of Technology,Hyderabad,Telangana
IR-E-C-26162,Vasavi College of Engineering,Hyderabad,Telangana
IR-E-C-26783,PSNA College of Engineering and Technology,Dindigul,Tamil Nadu
IR-E-C-26794,Thiagarajar College of Engineering,Madurai,Tamil Nadu
IR-E-C-26905,G.Pulla Reddy Engineering College,Kurnool,Andhra Pradesh
IR-E-C-26928,JNTUA College of Engineering,Anantapur,Andhra Pradesh
IR-E-C-26929,Sree Vidyanikethan Engineering College,A.Rangampet,Andhra Pradesh
IR-E-C-27058,Mepco Schlenk Engineering College,Sivakasi,Tamil Nadu
IR-E-C-27089,National Engineering College,Kovilpatti,Tamil Nadu
IR-E-C-27400,Kakatiya Institute of Technology & Science,Warangal,Telangana
IR-E-C-27616,University College of Engineering,Hyderabad,Telangana
IR-E-C-30045,"C.V. Raman Global University, Odisha",Bhubaneswar,Odisha
IR-E-C-30153,"Silicon Institute of Technology (SIT), Bhubaneswar",Bhubaneswar,Odisha
IR-E-C-33525,Thakur College of Engineering & Technology,Mumbai,Maharashtra
IR-E-C-33584,K. J. Somaiya College of Engineering,Mumbai,Maharashtra
IR-E-C-33641,"Veermata Jijabai Technological Institute,  (VJTI, Mumbai)",Mumbai,Maharashtra
IR-E-C-33773,Bharatiya Vidya Bhavan`s Sardar Patel Institute of Technology,Mumbai,Maharashtra
IR-E-C-33777,Shri Vile Parle Kelavani Mandal`s  Dwarkadas J. Sanghvi College of Engineering,Mumbai Suburban,Maharashtra
IR-E-C-34112,Sardar Patel College of Engineering,Mumbai,Maharashtra
IR-E-C-34167,Ramrao Adik Institute of Technology,Navi Mumbai,Maharashtra
IR-E-C-35417,Bharati Vidyapeeth Deemed University College of Engineering,Pune,Maharashtra
IR-E-C-36022,Lakshmi Narain College of Technology,Bhopal,Madhya Pradesh
IR-E-C-36143,Shri G. S. Institute of Technology & Science,Indore,Madhya Pradesh
IR-E-C-36926,Kumaraguru College of Technology,Coimbatore,Tamil Nadu
IR-E-C-36969,Coimbatore Institute of Technology,Coimbatore,Tamil Nadu
IR-E-C-36975,Government College of Technology,Coimbatore,Tamil Nadu
IR-E-C-36984,Bannari Amman Institute of Technology,Sathyamangalam,Tamil Nadu
IR-E-C-36995,Sri Krishna College of Engineering and Technology,Coimbatore,Tamil Nadu
IR-E-C-37013,PSG College of Technology,Coimbatore,Tamil Nadu
IR-E-C-37028,Sona College of Technology,Salem,Tamil Nadu
IR-E-C-37050,Dr. Mahalingam College of Engineering and Technology,Pollachi,Tamil Nadu
IR-E-C-37064,Sri Krishna College of Technology,Coimbatore,Tamil Nadu
IR-E-C-37065,Kongu Engineering College,Perundurai,Tamil Nadu
IR-E-C-37089,Sri Ramakrishna Engineering College,Coimbatore,Tamil Nadu
IR-E-C-41351,Bansilal Ramnath Agarwal Charitable Trust`s Vishwakarama Institute of Technology,Pune,Maharashtra
IR-E-C-41593,"College of Engineering, Pune",Pune,Maharashtra
IR-E-C-42054,Army Institute of Technology,Pune,Maharashtra
IR-E-C-42227,Dr. D. Y. Patil Institute of Technology,Pune,Maharashtra
IR-E-C-42242,Maharshi Karve Stree Shikshan Samstha's Cummins College of Engineering for Women,Pune,Maharashtra
IR-E-C-43264,National Institute of Foundry and Forge Technology (NIFFT),Ranchi,Jharkhand
IR-E-C-43708,College of Engineering Trivandrum,Thiruvananthapuram,Kerala
IR-E-C-45375,Indian Institute of Food Processing Technology (IIFPT),Thanjavur,Tamil Nadu
IR-E-C-46111,KIET Group of Institutions,Ghaziabad,Uttar Pradesh
IR-E-C-46239,G.L.Bajaj Institute of Technology and Management,Greater Noida,Uttar Pradesh
IR-E-C-48145,BVRIT Hyderabad,Hyderabad,Telangana
IR-E-C-49660,Pimpri Chinchwad College of Engineering,Pune,Maharashtra
IR-E-C-50605,PSG Institute of Technology and Applied Research,Coimbatore,Tamil Nadu
IR-E-C-6192,Institute of Engineering & Management,Kolkata,West Bengal
IR-E-C-6202,Heritage Institute of Technology,Kolkata,West Bengal
IR-E-C-6238,Haldia Institute of Technology,Haldia,West Bengal
IR-E-C-6257,Narula Institute of Technology,Kolkata,West Bengal
IR-E-C-6379,Netaji Subhas University of Technology (NSUT),South West,Delhi
IR-E-C-6528,Dr. B. R. Ambedkar Institute of Technology,South Andaman,Andaman and Nicobar Islands
IR-E-C-6581,Pondicherry Engineering College,Puducherry,Pondicherry
IR-E-C-7252,Manipal Institute of Technology,Manipal,Karnataka
IR-E-C-8277,"Government Engineering College, Thrissur",Thrissur,Kerala
IR-E-C-9462,"School of Engineering, Cochin University of Science and Technology",Cochin,Kerala
IR-E-I-1015,Vishwakarma Institute of Technology,Pune,Maharashtra
IR-E-I-1033,International Institute of Information Technology Bhubaneswar,Bhubaneswar,Odisha
IR-E-I-1074,Indian Institute of Technology Delhi,New Delhi,Delhi
IR-E-I-1075,Indian Institute of Technology Kanpur,Kanpur,Uttar Pradesh
IR-E-I-1093,Noida Institute of Engineering & Technology,Greater Noida,Uttar Pradesh
IR-E-I-1356,Rabindranath Tagore University,Raisen,Madhya Pradesh
IR-E-I-1441,Saveetha Institute of Medical and Technical Sciences,Chennai,Tamil Nadu
IR-E-I-1480,Thapar Institute of Engineering and Technology,Patiala,Punjab
IR-E-N-10,SVKM`s Narsee Monjee Institute of Management Studies,Mumbai,Maharashtra
IR-E-S-8898,"National Institute of Food Technology, Entrepreneurship & Management",Sonipat,Haryana
IR-E-S-8931,National Institute of Industrial Engineering,Mumbai,Maharashtra
IR-E-U-0013,Indian Institute of Technology Hyderabad,Hyderabad,Telangana
IR-E-U-0014,International Institute of Information Technology Hyderabad,Hyderabad,Telangana
IR-E-U-0017,Jawaharlal Nehru Technological University,Hyderabad,Telangana
IR-E-U-0020,Koneru Lakshmaiah Education Foundation University (K L College of Engineering),Vaddeswaram,Andhra Pradesh
IR-E-U-0025,National Institute of Technology Warangal,Warangal,Telangana
IR-E-U-0037,Sri Venkateswara University,Tirupati,Andhra Pradesh
IR-E-U-0043,"Vignan's Foundation for Science, Technology and Research",Guntur,Andhra Pradesh
IR-E-U-0046,North Eastern Regional Institute of Science & Technology,Itanagar,Arunachal Pradesh
IR-E-U-0053,Indian Institute of Technology Guwahati,Guwahati,Assam
IR-E-U-0055,National Institute of Technology Silchar,Silchar,Assam
IR-E-U-0056,Tezpur University,Tezpur,Assam
IR-E-U-0064,Indian Institute of Technology Patna,Patna,Bihar
IR-E-U-0072,National Institute of Technology Patna,Patna,Bihar
IR-E-U-0078,Panjab University,Chandigarh,Chandigarh
IR-E-U-0080,"Punjab Engineering College (Deemed to be University), Chandigarh",Chandigarh,Chandigarh
IR-E-U-0092,National Institute of Technology Raipur,Raipur,Chhattisgarh
IR-E-U-0098,Delhi Technological University,New Delhi,Delhi
IR-E-U-0099,Guru Gobind Singh Indraprastha University,New Delhi,Delhi
IR-E-U-0105,"Indraprastha Institute of Information Technology, Delhi",New Delhi,Delhi
IR-E-U-0108,Jamia Millia Islamia,New Delhi,Delhi
IR-E-U-0129,Dharmsinh Desai University,Nadiad,Gujarat
IR-E-U-0130,Dhirubhai Ambani Institute of Information and Communication Technology,Gandhinagar,Gujarat
IR-E-U-0139,Indian Institute of Technology Gandhinagar,Gandhinagar,Gujarat
IR-E-U-0143,Maharaja Sayajirao University of Baroda,Vadodara,Gujarat
IR-E-U-0146,Nirma University,Ahmedabad,Gujarat
IR-E-U-0147,Pandit Deendayal Petroleum University,Gandhinagar,Gujarat
IR-E-U-0149,Sardar Vallabhbhai National Institute of Technology,Surat,Gujarat
IR-E-U-0162,Guru Jambheshwar University of Science and Technology,Hisar,Haryana
IR-E-U-0163,The Northcap University,Gurugram,Haryana
IR-E-U-0169,Manav Rachna International Institute of Research & Studies,Faridabad,Haryana
IR-E-U-0172,National Institute of Technology Kurukshetra,Kurukshetra,Haryana
IR-E-U-0175,YMCA University of Science & Tech (Formerely YMCA Institute of Engineering),Faridabad,Haryana
IR-E-U-0184,Indian Institute of Technology Mandi,Mandi,Himachal Pradesh
IR-E-U-0186,Jaypee University of Information Technology,Solan,Himachal Pradesh
IR-E-U-0189,National Institute of Technology Hamirpur,Hamirpur,Himachal Pradesh
IR-E-U-0190,Shoolini University of Biotechnology and Management Sciences,Solan,Himachal Pradesh
IR-E-U-0197,National Institute of Technology Srinagar,Srinagar,Jammu and Kashmir
IR-E-U-0201,Shri Mata Vaishno Devi University,Katra,Jammu and Kashmir
IR-E-U-0202,Birla Institute of Technology,Ranchi,Jharkhand
IR-E-U-0205,Indian Institute of Technology (Indian School of Mines),Dhanbad,Jharkhand
IR-E-U-0207,"National Institute of Technology, Jamshedpur",Jamshedpur,Jharkhand
IR-E-U-0213,Alliance University,Bengaluru,Karnataka
IR-E-U-0221,International Institute of Information Technology Bangalore,Bengaluru,Karnataka
IR-E-U-0223,"Jain University, Bangalore",Bengluru,Karnataka
IR-E-U-0237,National Institute of Technology Karnataka,Surathkal,Karnataka
IR-E-U-0249,Visvesvaraya Technological University,Belgaum,Karnataka
IR-E-U-0255,Indian Institute of Space Science and Technology,Thiruvananthapuram,Kerala
IR-E-U-0263,National Institute of Technology Calicut,Kozhikode,Kerala
IR-E-U-0267,Atal Bihari Vajpayee Indian Institute of Information Technology and Management,Gwalior,Madhya Pradesh
IR-E-U-0273,Indian Institute of Technology Indore,Indore,Madhya Pradesh
IR-E-U-0284,Maulana Azad National Institute of Technology,Bhopal,Madhya Pradesh
IR-E-U-0286,"Pandit Dwarka Prasad Mishra Indian Institute of Information Technology, Design and Manufacturing (IIITDM) Jabalpur",Jabalpur,Madhya Pradesh
IR-E-U-0297,Defence Institute of Advanced Technology,Pune,Maharashtra
IR-E-U-0306,Indian Institute of Technology Bombay,Mumbai,Maharashtra
IR-E-U-0308,Institute of Chemical Technology,Mumbai,Maharashtra
IR-E-U-0332,The Rashtrasant Tukadoji Maharaj Nagpur University,Nagpur,Maharashtra
IR-E-U-0334,Visvesvaraya National Institute of Technology,Nagpur,Maharashtra
IR-E-U-0353,Centurion  University  of Technology and Management,Paralakhemundi,Odisha
IR-E-U-0355,Indian Institute of Technology Bhubaneswar,Bhubaneswar,Odisha
IR-E-U-0356,Kalinga Institute of Industrial Technology,Bhubaneswar,Odisha
IR-E-U-0357,National Institute of Technology Rourkela,Rourkela,Odisha
IR-E-U-0363,Siksha `O` Anusandhan,Bhubaneswar,Odisha
IR-E-U-0367,Veer Surendra Sai University of Technology,Burla,Odisha
IR-E-U-0373,Chitkara University,Rajpura,Punjab
IR-E-U-0374,Dr. B. R. Ambedkar National Institute of Technology,Jalandhar,Punjab
IR-E-U-0376,Guru Nanak Dev University,Amritsar,Punjab
IR-E-U-0378,Indian Institute of Technology Ropar,Rupnagar,Punjab
IR-E-U-0379,Lovely Professional University,Phagwara,Punjab
IR-E-U-0382,Punjab Technical University,Kapurthala,Punjab
IR-E-U-0384,Sant Longowal Institute of Engineering & Technology,Longowal,Punjab
IR-E-U-0389,Banasthali Vidyapith,Banasthali,Rajasthan
IR-E-U-0391,Birla Institute of Technology & Science -Pilani,Pilani,Rajasthan
IR-E-U-0395,Indian Institute of Technology Jodhpur,Jodhpur,Rajasthan
IR-E-U-0405,The LNM Institute of Information Technology,Jaipur,Rajasthan
IR-E-U-0410,Malaviya National Institute of Technology,Jaipur,Rajasthan
IR-E-U-0436,Amrita Vishwa Vidyapeetham,Coimbatore,Tamil Nadu
IR-E-U-0439,Anna University,Chennai,Tamil Nadu
IR-E-U-0443,Annamalai University,Annamalainagar,Tamil Nadu
IR-E-U-0445,B. S. Abdur Rahman Crescent Institute of Science and Technology,Chennai,Tamil Nadu
IR-E-U-0454,Hindustan Institute of Technology and Science (HITS),Chennai,Tamil Nadu
IR-E-U-0455,"Indian Institute of Information Technology, Design & Manufacturing",Chennai,Tamil Nadu
IR-E-U-0456,Indian Institute of Technology Madras,Chennai,Tamil Nadu
IR-E-U-0458,Kalasalingam Academy of Research and Higher Education,Srivilliputtur,Tamil Nadu
IR-E-U-0460,Karunya Institute of Technology and Sciences,Coimbatore,Tamil Nadu
IR-E-U-0461,M. G. R. Educational and Research Institute,Chennai,Tamil Nadu
IR-E-U-0467,National Institute of Technology Tiruchirappalli,Tiruchirappalli,Tamil Nadu
IR-E-U-0473,S.R.M. Institute of Science and Technology,Chennai,Tamil Nadu
IR-E-U-0474,Sathyabama Institute of Science and Technology,Chennai,Tamil Nadu
IR-E-U-0476,Shanmugha Arts Science Technology & Research Academy,Thanjavur,Tamil Nadu
IR-E-U-0487,Tamil Nadu Veterinary & Animal Sciences University,Chennai,Tamil Nadu
IR-E-U-0489,Vel Tech Rangarajan Dr. Sagunthala R & D Institute of Science and Technology,Chennai,Tamil Nadu
IR-E-U-0490,Vellore Institute of Technology,Vellore,Tamil Nadu
IR-E-U-0491,"Vels Institute of Science, Technology & Advanced Studies (VISTAS)",Chennai,Tamil Nadu
IR-E-U-0493,National Institute of Technology Agartala,Agratala,Tripura
IR-E-U-0496,Aligarh Muslim University,Aligarh,Uttar Pradesh
IR-E-U-0497,Amity University,Gautam Budh Nagar,Uttar Pradesh
IR-E-U-0507,Dayalbagh Educational Institute,Agra,Uttar Pradesh
IR-E-U-0516,Indian Institute of Information Technology Allahabad,Prayagraj (Allahabad),Uttar Pradesh
IR-E-U-0522,Jaypee Institute of Information Technology,Noida,Uttar Pradesh
IR-E-U-0530,Motilal Nehru National Institute of Technology,Prayagraj,Uttar Pradesh
IR-E-U-0535,Rajiv Gandhi Institute of Petroleum Technology,Amethi,Uttar Pradesh
IR-E-U-0541,Sharda University,Greater Noida,Uttar Pradesh
IR-E-U-0554,G. B. Pant Universtiy of Agriculture and Technology,Pantnagar,Uttarakhand
IR-E-U-0555,Graphic Era University,Dehradun,Uttarakhand
IR-E-U-0560,Indian Institute of Technology Roorkee,Roorkee,Uttarakhand
IR-E-U-0564,University of Petroleum and Energy Studies,Dehradun,Uttarakhand
IR-E-U-0573,Indian Institute of Technology Kharagpur,Kharagpur,West Bengal
IR-E-U-0575,Jadavpur University,Kolkata,West Bengal
IR-E-U-0577,National Institute of Technology Durgapur,Durgapur,West Bengal
IR-E-U-0584,Indian Institute of Engineering Science and Technology,Shibpur,West Bengal
IR-E-U-0592,Maulana Abul Kalam Azad University of Technology,Nadia,West Bengal
IR-E-U-0604,"Amity University, Gwalior",Gwalior,Madhya Pradesh
IR-E-U-0613,National Institute of Technology Manipur,Imphal,Manipur
IR-E-U-0615,National Institute of Technology Arunachal Pradesh,Itanagar,Arunachal Pradesh
IR-E-U-0616,National Institute of Technology Uttarakhand,Srinagar (Garhwal),Uttarakhand
IR-E-U-0619,National Institute of Technology Meghalaya,Shillong,Meghalaya
IR-E-U-0620,National Institute of Technology Goa,Ponda,Goa
IR-E-U-0621,National Institute of Technology Puducherry,Karaikal,Pondicherry
IR-E-U-0643,Galgotias University,Gautam Budh Nagar,Uttar Pradesh
IR-E-U-0685,Indira Gandhi Delhi Technical University for Women,Delhi,Delhi
IR-E-U-0701,Indian Institute of Technology (Banaras Hindu University) Varanasi,Varanasi,Uttar Pradesh
IR-E-U-0733,PES University,Bengaluru,Karnataka
IR-E-U-0739,Madan Mohan Malaviya University of Technology,Gorakhpur,Uttar Pradesh
IR-E-U-0747,Chandigarh University,Mohali,Punjab
IR-E-U-0749,Manipal University Jaipur,Jaipur,Rajasthan
IR-E-U-0774,DIT University,Dehradun,Uttarakhand
IR-E-U-0795,Indian Institute of Information Technology Guwahati,Guwahati,Assam
IR-E-U-0854,KLE Technological University,Dharwad,Karnataka
IR-E-U-0864,Harcourt Butler Technical University,Kanpur Nagar,Uttar Pradesh
IR-E-U-0938,Dr. Vishwanath Karad MIT World Peace University,Pune,Maharashtra
IR-L-C-19328,Symbiosis Law School,Pune,Maharashtra
IR-L-C-22215,Army Institute of  Law,Mohali,Punjab
IR-L-C-23907,Dr. B. R. Ambedkar College of Law,Visakhapatnam,Andhra Pradesh
IR-L-C-6601,"Sikkim Government Law College,Burtuk",Gangtok,Sikkim
IR-L-I-1291,Damodaram Sanjivayya National Law University,Visakhapatnam,Andhra Pradesh
IR-L-I-1441,Saveetha Institute of Medical and Technical Sciences,Chennai,Tamil Nadu
IR-L-N-18,NALSAR University of Law,Hyderabad,Telangana
IR-L-U-0012,ICFAI Foundation for Higher Education,Hyderabad,Telangana
IR-L-U-0078,Panjab University,Chandigarh,Chandigarh
IR-L-U-0099,Guru Gobind Singh Indraprastha University,New Delhi,Delhi
IR-L-U-0103,Indian Law Institute,New Delhi,Delhi
IR-L-U-0108,Jamia Millia Islamia,New Delhi,Delhi
IR-L-U-0111,National Law University,New Delhi,Delhi
IR-L-U-0134,Gujarat National Law University,Gandhinagar,Gujarat
IR-L-U-0217,Christ University,Bengaluru,Karnataka
IR-L-U-0238,National Law School of India University,Bengaluru,Karnataka
IR-L-U-0264,National University of Advanced Legal Studies (NUALS),Kochi,Kerala
IR-L-U-0285,"National Law Institute University, Bhopal",Bhopal,Madhya Pradesh
IR-L-U-0356,Kalinga Institute of Industrial Technology,Bhubaneswar,Odisha
IR-L-U-0358,National Law University,Cuttack,Odisha
IR-L-U-0379,Lovely Professional University,Phagwara,Punjab
IR-L-U-0386,"The Rajiv Gandhi National University of Law, Patiala",Patiala,Punjab
IR-L-U-0414,"National Law University, Jodhpur",Jodhpur,Rajasthan
IR-L-U-0476,Shanmugha Arts Science Technology & Research Academy,Thanjavur,Tamil Nadu
IR-L-U-0496,Aligarh Muslim University,Aligarh,Uttar Pradesh
IR-L-U-0500,Banaras Hindu University,Varanasi,Uttar Pradesh
IR-L-U-0511,Dr. Ram Manohar Lohiya National Law University,Lucknow,Uttar Pradesh
IR-L-U-0564,University of Petroleum and Energy Studies,Dehradun,Uttarakhand
IR-L-U-0573,Indian Institute of Technology Kharagpur,Kharagpur,West Bengal
IR-L-U-0585,The West Bengal National University of Juridicial Sciences,Kolkata,West Bengal
IR-L-U-0677,National Law University and Judicial Academy,Kamrup,Assam
IR-M-C-19343,Symbiosis Institute of Business Management,Pune,Maharashtra
IR-M-C-32855,Jagan Institute of Management Studies,Delhi,Delhi
IR-M-C-32873,Lal Bahadur Shastri Institute of Management,Delhi,Delhi
IR-M-C-34129,Principal L N Welingkar Institute of Management Development and Research,Mumbai,Maharashtra
IR-M-C-35429,Institute of Management and Entrepreneurship Development,Pune,Maharashtra
IR-M-C-37013,PSG College of Technology,Coimbatore,Tamil Nadu
IR-M-I-1044,S. P. Jain Institute of Management & Research,Mumbai,Maharashtra
IR-M-I-1048,Institute of Management Technology,Nagpur,Maharashtra
IR-M-I-1058,Indian Institute of Forest Management,Bhopal,Madhya Pradesh
IR-M-I-1064,International Management Institute,New Delhi,Delhi
IR-M-I-1066,Fore School of Management,New Delhi,Delhi
IR-M-I-1074,Indian Institute of Technology Delhi,New Delhi,Delhi
IR-M-I-1075,Indian Institute of Technology Kanpur,Kanpur,Uttar Pradesh
IR-M-I-1124,International Management Institute Bhubaneswar,Bhubaneswar,Odisha
IR-M-I-1132,Institute of Management Technology,Hyderabad,Telangana
IR-M-I-1156,Bharati Vidyapeeth's Institute of Management and Entrepreneurship Development,Pune,Maharashtra
IR-M-I-1170,Management Development Institute,Gurugram,Haryana
IR-M-I-1238,KREA  University,"Sri City, Chittoor",Andhra Pradesh
IR-M-I-1408,International Management Institute,Kolkata,West Bengal
IR-M-I-1480,Thapar Institute of Engineering and Technology,Patiala,Punjab
IR-M-N-10,SVKM`s Narsee Monjee Institute of Management Studies,Mumbai,Maharashtra
IR-M-N-16,Great Lakes Institute of Management,Chennai,Tamil Nadu
IR-M-N-34,Faculty of Management Studies,Delhi,Delhi
IR-M-N-354,Xavier Institute of Management (XIMB),Bhubaneswar,Odisha
IR-M-N-4,Bharathidasan Institute of Management,Tiruchirappalli,Tamil Nadu
IR-M-S-132,Xavier Labour Relations Institute (XLRI),Jamshedpur,Jharkhand
IR-M-S-156,T. A. Pai Management Institute Manipal,Manipal,Karnataka
IR-M-S-15962,Indian Institute of Management,Nagpur,Maharashtra
IR-M-S-16881,"Indian Institute of Management, Amritsar",Amritsar,Punjab
IR-M-S-220,K.J.Somaiya Institute Of Management,Mumbai,Maharashtra
IR-M-S-309,Jaipuria Institute of Management,Jaipur,Rajasthan
IR-M-S-3283,Jaipuria Institute of Management,Noida,Uttar Pradesh
IR-M-S-331,Loyola Institute of Business Administration,Chennai,Tamil Nadu
IR-M-S-354,Birla Institute of Management Technology,Greater Noida,Uttar Pradesh
IR-M-S-394,"Institute of Management Technology, Ghaziabad",Ghaziabad,Uttar Pradesh
IR-M-S-419,"Jaipuria Institute of Management, Lucknow",Lucknow,Uttar Pradesh
IR-M-S-6,Indian Institute of Management Sambalpur,Sambalpur,Odisha
IR-M-S-87,Goa Institute of Management,Sanquelim,Goa
IR-M-S-8868,Indian Institute of Management Raipur,Raipur,Chhattisgarh
IR-M-S-8890,Indian Institute of Management Ahmedabad,Ahmedabad,Gujarat
IR-M-S-8895,Indian Institute of Management Rohtak,Rohtak,Haryana
IR-M-S-8903,Indian Institute of Management Bangalore,Bengaluru,Karnataka
IR-M-S-8904,Indian Institute of Management Ranchi,Ranchi,Jharkhand
IR-M-S-8909,Indian Institute of Management Kozhikode,Kozhikode,Kerala
IR-M-S-8918,Indian Institute of Management Indore,Indore,Madhya Pradesh
IR-M-S-8931,National Institute of Industrial Engineering,Mumbai,Maharashtra
IR-M-S-8937,Indian Institute of Management Shillong,Shillong,Meghalaya
IR-M-S-8942,Indian Institute of Management Udaipur,Udaipur,Rajasthan
IR-M-S-8948,Indian Institute of Management Tiruchirappalli,Tiruchirappalli,Tamil Nadu
IR-M-S-8959,Indian Institute of Management Lucknow,Lucknow,Uttar Pradesh
IR-M-S-8967,Indian Institute of Management Kashipur,Kashipur,Uttarakhand
IR-M-S-8972,Indian Institute of Management Calcutta,Kolkata,West Bengal
IR-M-S-92,Institute of Rural Management Anand,Anand,Gujarat
IR-M-U-0012,ICFAI Foundation for Higher Education,Hyderabad,Telangana
IR-M-U-0020,Koneru Lakshmaiah Education Foundation University (K L College of Engineering),Vaddeswaram,Andhra Pradesh
IR-M-U-0078,Panjab University,Chandigarh,Chandigarh
IR-M-U-0099,Guru Gobind Singh Indraprastha University,New Delhi,Delhi
IR-M-U-0102,Indian Institute of Foreign Trade,New Delhi,Delhi
IR-M-U-0108,Jamia Millia Islamia,New Delhi,Delhi
IR-M-U-0146,Nirma University,Ahmedabad,Gujarat
IR-M-U-0147,Pandit Deendayal Petroleum University,Gandhinagar,Gujarat
IR-M-U-0190,Shoolini University of Biotechnology and Management Sciences,Solan,Himachal Pradesh
IR-M-U-0202,Birla Institute of Technology,Ranchi,Jharkhand
IR-M-U-0205,Indian Institute of Technology (Indian School of Mines),Dhanbad,Jharkhand
IR-M-U-0213,Alliance University,Bengaluru,Karnataka
IR-M-U-0249,Visvesvaraya Technological University,Belgaum,Karnataka
IR-M-U-0267,Atal Bihari Vajpayee Indian Institute of Information Technology and Management,Gwalior,Madhya Pradesh
IR-M-U-0306,Indian Institute of Technology Bombay,Mumbai,Maharashtra
IR-M-U-0356,Kalinga Institute of Industrial Technology,Bhubaneswar,Odisha
IR-M-U-0373,Chitkara University,Rajpura,Punjab
IR-M-U-0379,Lovely Professional University,Phagwara,Punjab
IR-M-U-0439,Anna University,Chennai,Tamil Nadu
IR-M-U-0456,Indian Institute of Technology Madras,Chennai,Tamil Nadu
IR-M-U-0467,National Institute of Technology Tiruchirappalli,Tiruchirappalli,Tamil Nadu
IR-M-U-0473,SRM Institute of Science and Technology,Chennai,Tamil Nadu
IR-M-U-0490,Vellore Institute of Technology,Vellore,Tamil Nadu
IR-M-U-0496,Aligarh Muslim University,Aligarh,Uttar Pradesh
IR-M-U-0497,Amity University,Gautam Budh Nagar,Uttar Pradesh
IR-M-U-0500,Banaras Hindu University,Varanasi,Uttar Pradesh
IR-M-U-0555,Graphic Era University,Dehradun,Uttarakhand
IR-M-U-0560,Indian Institute of Technology Roorkee,Roorkee,Uttarakhand
IR-M-U-0564,University of Petroleum and Energy Studies,Dehradun,Uttarakhand
IR-M-U-0573,Indian Institute of Technology Kharagpur,Kharagpur,West Bengal
IR-M-U-0715,Xavier University,Bhubaneswar,Odisha
IR-M-U-0735,BML Munjal University,Gurgaon,Haryana
IR-M-U-0747,Chandigarh University,Mohali,Punjab
IR-M-U-0851,IIHMR University,Jaipur,Rajasthan
IR-N-C-14028,"MGV's Karmaveer Bhausaheb Hiray Dental College, Panchavati, Nashik",Nashik,Maharashtra
IR-N-C-19320,A.B.Shetty Memorial Institute of Dental Sciences,Mangaluru,Karnataka
IR-N-C-24504,KLE Vishwanath Katti Institute of Dental Sciences,Belgaum,Karnataka
IR-N-C-28507,Maulana Azad Institute of Dental Sciences,Delhi,Delhi
IR-N-C-28550,I.T.S. Dental College Hospital & Research Center,Greater Noida,Uttar Pradesh
IR-N-C-29150,Christian Dental College,Ludhiana,Punjab
IR-N-C-29701,"Govt. Dental College, Indore",Indore,Madhya Pradesh
IR-N-C-30756,Postgraduate Institute of Dental Sciences,Rohtak,Haryana
IR-N-C-35008,JSS Dental College and Hospital,Mysuru,Karnataka
IR-N-C-40140,Raja Rajeswari Dental College & Hospital,Bengaluru,Karnataka
IR-N-C-40175,Coorg Institute of Dental Sciences,Virajpet,Karnataka
IR-N-C-40192,College of Dental Sciences,Davangere,Karnataka
IR-N-C-40193,Bapuji Dental College & Hospital,Davangere,Karnataka
IR-N-C-40531,Sri Dharmasthala Manjunatheswara College of Dharwad,Dharwad,Karnataka
IR-N-C-49744,Saraswati Dental College & Hospital,Lucknow,Uttar Pradesh
IR-N-C-7240,"Manipal College of Dental Sciences, Mangalore",Mangalore,Karnataka
IR-N-C-7254,Manipal College of Dental Sciences,Udupi,Karnataka
IR-N-C-8528,Yenepoya Dental College,Mangaluru,Karnataka
IR-N-I-1110,Dr. D. Y. Patil Vidyapeeth,Pune,Maharashtra
IR-N-I-1441,Saveetha Institute of Medical and Technical Sciences,Chennai,Tamil Nadu
IR-N-I-1486,Sri Ramachandra Institute of Higher Education and Research,Chennai,Tamil Nadu
IR-N-N-116,Pacific Dental College,Udaipur,Rajasthan
IR-N-N-153,Nair Hospital Dental College,Mumbai,Maharashtra
IR-N-N-238,SDM College of Dental Sciences & Hospital,Dharwad,Karnataka
IR-N-N-342,Vishnu Dental College,West Godavari,Andhra Pradesh
IR-N-N-352,SRM Dental College,Chennai,Tamil Nadu
IR-N-N-71,"Faculty of Dental Sciences, Institute of Medical Sciences",Varanasi,Uttar Pradesh
IR-N-N-73,Army College of Dental Sciences,Secunderabd,Telangana
IR-N-N-91,Sree Balaji Dental College & Hospital,Chennai,Tamil Nadu
IR-N-U-0078,Panjab University,Chandigarh,Chandigarh
IR-N-U-0108,Jamia Millia Islamia,New Delhi,Delhi
IR-N-U-0168,Maharishi Markandeshwar,Ambala,Haryana
IR-N-U-0169,Manav Rachna International Institute of Research & Studies,Faridabad,Haryana
IR-N-U-0295,Datta Meghe Institute of Medical Sciences,Wardha,Maharashtra
IR-N-U-0311,Krishna Institute of Medical Sciences Deemed University,Karad,Maharashtra
IR-N-U-0356,Kalinga Institute of Industrial Technology,Bhubaneswar,Odisha
IR-N-U-0363,Siksha `O` Anusandhan,Bhubaneswar,Odisha
IR-N-U-0436,Amrita Vishwa Vidyapeetham,Coimbatore,Tamil Nadu
IR-N-U-0461,M. G. R. Educational and Research Institute,Chennai,Tamil Nadu
IR-N-U-0465,Meenakshi Academy of Higher Education and Research,Chennai,Tamil Nadu
IR-N-U-0496,Aligarh Muslim University,Aligarh,Uttar Pradesh
IR-N-U-0523,King George`s Medical University,Lucknow,Uttar Pradesh
IR-N-U-0724,M.S. Ramaiah University of Applied Sciences,Bangalore,Karnataka
IR-O-C-16604,Sri Sivasubramaniya Nadar College of Engineering,Kancheepuram,Tamil Nadu
IR-O-C-23033,Krishna Institute of Medical Sciences,Karad,Maharashtra
IR-O-C-37013,PSG College of Technology,Coimbatore,Tamil Nadu
IR-O-C-41593,College of Engineering,Pune,Maharashtra
IR-O-I-1074,Indian Institute of Technology Delhi,New Delhi,Delhi
IR-O-I-1075,Indian Institute of Technology Kanpur,Kanpur,Uttar Pradesh
IR-O-I-1110,Dr. D. Y. Patil Vidyapeeth,Pune,Maharashtra
IR-O-I-1280,Maharshi Dayanand University,Rohtak,Haryana
IR-O-I-1357,University of Madras,Chennai,Tamil Nadu
IR-O-I-1361,Bharati Vidyapeeth,Pune,Maharashtra
IR-O-I-1441,Saveetha Institute of Medical and Technical Sciences,Chennai,Tamil Nadu
IR-O-I-1480,Thapar Institute of Engineering and Technology,Patiala,Punjab
IR-O-I-1486,Sri Ramachandra Institute of Higher Education and Research,Chennai,Tamil Nadu
IR-O-N-10,SVKM`s Narsee Monjee Institute of Management Studies,Mumbai,Maharashtra
IR-O-N-17,Sawai Man Singh Medical College,Jaipur,Rajasthan
IR-O-S-8972,Indian Institute of Management Calcutta,Kolkata,West Bengal
IR-O-U-0006,"Andhra University, Visakhapatnam",Visakhapatnam,Andhra Pradesh
IR-O-U-0011,Gandhi Institute of Technology and Management,Visakhapatnam,Andhra Pradesh
IR-O-U-0013,Indian Institute of Technology Hyderabad,Hyderabad,Telangana
IR-O-U-0014,International Institute of Information Technology Hyderabad,Hyderabad,Telangana
IR-O-U-0020,Koneru Lakshmaiah Education Foundation University (K L College of Engineering),Vaddeswaram,Andhra Pradesh
IR-O-U-0025,National Institute of Technology Warangal,Warangal,Telangana
IR-O-U-0027,Osmania University,Hyderabad,Telangana
IR-O-U-0035,Sri Sathya Sai Institute of Higher Learning,Anantapur,Andhra Pradesh
IR-O-U-0036,Sri Venkateswara Institute of Medical Sciences,Tirupati,Andhra Pradesh
IR-O-U-0037,Sri Venkateswara University,Tirupati,Andhra Pradesh
IR-O-U-0042,University of Hyderabad,Hyderabad,Telangana
IR-O-U-0043,"Vignan's Foundation for Science, Technology and Research",Guntur,Andhra Pradesh
IR-O-U-0047,Rajiv Gandhi University,Itanagar,Arunachal Pradesh
IR-O-U-0050,Assam University,Silchar,Assam
IR-O-U-0051,Dibrugarh University,Dibrugarh,Assam
IR-O-U-0052,Gauhati University,Guwahati,Assam
IR-O-U-0053,Indian Institute of Technology Guwahati,Guwahati,Assam
IR-O-U-0055,National Institute of Technology Silchar,Silchar,Assam
IR-O-U-0056,Tezpur University,Tezpur,Assam
IR-O-U-0064,Indian Institute of Technology Patna,Patna,Bihar
IR-O-U-0078,Panjab University,Chandigarh,Chandigarh
IR-O-U-0098,Delhi Technological University,New Delhi,Delhi
IR-O-U-0099,Guru Gobind Singh Indraprastha University,New Delhi,Delhi
IR-O-U-0107,Jamia Hamdard,New Delhi,Delhi
IR-O-U-0108,Jamia Millia Islamia,New Delhi,Delhi
IR-O-U-0109,Jawaharlal Nehru University,New Delhi,Delhi
IR-O-U-0120,University of Delhi,Delhi,Delhi
IR-O-U-0121,Goa University,Goa,Goa
IR-O-U-0123,Anand Agricultural University,Anand,Gujarat
IR-O-U-0136,Gujarat University,Ahmedabad,Gujarat
IR-O-U-0139,Indian Institute of Technology Gandhinagar,Gandhinagar,Gujarat
IR-O-U-0143,Maharaja Sayajirao University of Baroda,Vadodara,Gujarat
IR-O-U-0147,Pandit Deendayal Petroleum University,Gandhinagar,Gujarat
IR-O-U-0149,Sardar Vallabhbhai National Institute of Technology,Surat,Gujarat
IR-O-U-0159,Chaudhary Charan Singh Haryana Agricultural University,Hisar,Haryana
IR-O-U-0162,Guru Jambheshwar University of Science and Technology,Hisar,Haryana
IR-O-U-0164,Kurukshetra University,Kurukshetra,Haryana
IR-O-U-0168,Maharishi Markandeshwar,Ambala,Haryana
IR-O-U-0181,Dr. Y. S. Parmar University of Horticulture and Forestry,Solan,Himachal Pradesh
IR-O-U-0184,Indian Institute of Technology Mandi,Mandi,Himachal Pradesh
IR-O-U-0190,Shoolini University of Biotechnology and Management Sciences,Solan,Himachal Pradesh
IR-O-U-0195,University of Jammu,Jammu,Jammu and Kashmir
IR-O-U-0196,University of Kashmir,Srinagar,Jammu and Kashmir
IR-O-U-0202,Birla Institute of Technology,Ranchi,Jharkhand
IR-O-U-0205,Indian Institute of Technology (Indian School of Mines),Dhanbad,Jharkhand
IR-O-U-0215,Bangalore University,Bangalore,Karnataka
IR-O-U-0215,Bangalore University,Bengaluru,Karnataka
IR-O-U-0220,Indian Institute of Science,Bengaluru,Karnataka
IR-O-U-0222,JSS Academy of Higher Education and Research,Mysuru,Karnataka
IR-O-U-0223,"Jain university, Bangalore",Bengluru,Karnataka
IR-O-U-0225,KLE Academy of Higher Education and Research,Belagavi,Karnataka
IR-O-U-0232,Kuvempu University,Shimoga,Karnataka
IR-O-U-0233,Mangalore University,Mangalagangotri,Karnataka
IR-O-U-0234,Manipal Academy of Higher Education,Manipal,Karnataka
IR-O-U-0235,Mysore University,Mysuru,Karnataka
IR-O-U-0237,National Institute of Technology Surathkal,Surathkal,Karnataka
IR-O-U-0239,NITTE,Mangaluru,Karnataka
IR-O-U-0246,University of Agricultural Sciences,Dharwad,Karnataka
IR-O-U-0249,Visvesvaraya Technological University,Belgaum,Karnataka
IR-O-U-0250,Yenepoya University,Mangaluru,Karnataka
IR-O-U-0251,Calicut University,Malappuram,Kerala
IR-O-U-0253,Cochin University of Science and Technology,Cochin,Kerala
IR-O-U-0254,Indian Institute of Science Education & Research Thiruvananthapuram,Thiruvananthapuram,Kerala
IR-O-U-0260,Kerala University,Thiruvananthapuram,Kerala
IR-O-U-0262,Mahatma Gandhi University,Kottayam,Kerala
IR-O-U-0272,Indian Institute of Science Education & Research Bhopal,Bhopal,Madhya Pradesh
IR-O-U-0273,Indian Institute of Technology Indore,Indore,Madhya Pradesh
IR-O-U-0295,Datta Meghe Institute of Medical Sciences,Wardha,Maharashtra
IR-O-U-0298,Dr. Babasaheb Ambedkar Marathwada University,Aurangabad,Maharashtra
IR-O-U-0304,Homi Bhabha National Institute,Mumbai,Maharashtra
IR-O-U-0305,Indian Institute of Science Education & Research Pune,Pune,Maharashtra
IR-O-U-0306,Indian Institute of Technology Bombay,Mumbai,Maharashtra
IR-O-U-0308,Institute of Chemical Technology,Mumbai,Maharashtra
IR-O-U-0318,Mumbai University,Mumbai,Maharashtra
IR-O-U-0321,"Padmashree Dr. D. Y. Patil Vidyapeeth, Mumbai",Mumbai,Maharashtra
IR-O-U-0323,Savitribai Phule Pune University,Pune,Maharashtra
IR-O-U-0329,Symbiosis International,Pune,Maharashtra
IR-O-U-0331,Tata Institute of Social Sciences,Mumbai,Maharashtra
IR-O-U-0334,Visvesvaraya National Institute of Technology,Nagpur,Maharashtra
IR-O-U-0341,North Eastern Hill University,Shillong,Meghalaya
IR-O-U-0345,Mizoram University,Aizawl,Mizoram
IR-O-U-0355,Indian Institute of Technology Bhubaneswar,Bhubaneswar,Odisha
IR-O-U-0356,Kalinga Institute of Industrial Technology,Bhubaneswar,Odisha
IR-O-U-0357,National Institute of Technology Rourkela,Rourkela,Odisha
IR-O-U-0363,Siksha `O` Anusandhan,Bhubaneswar,Odisha
IR-O-U-0366,Utkal University,Bhubaneswar,Odisha
IR-O-U-0369,Pondicherry University,Puducherry,Pondicherry
IR-O-U-0370,Sri Balaji Vidyapeeth Mahatma Gandhi Medical College Campus,Puducherry,Pondicherry
IR-O-U-0372,Central University of Punjab,Bathinda,Punjab
IR-O-U-0374,Dr. B. R. Ambedkar National Institute of Technology,Jalandhar,Punjab
IR-O-U-0376,Guru Nanak Dev University,Amritsar,Punjab
IR-O-U-0377,"Indian Institute of Science Education & Research, Mohali",Mohali,Punjab
IR-O-U-0378,Indian Institute of Technology Ropar,Rupnagar,Punjab
IR-O-U-0379,Lovely Professional University,Phagwara,Punjab
IR-O-U-0381,Punjab Agricultural University,Ludhiana,Punjab
IR-O-U-0383,Punjabi University,Patiala,Punjab
IR-O-U-0389,Banasthali Vidyapith,Banasthali,Rajasthan
IR-O-U-0391,Birla Institute of Technology & Science -Pilani,Pilani,Rajasthan
IR-O-U-0410,Malaviya National Institute of Technology,Jaipur,Rajasthan
IR-O-U-0435,Alagappa University,Karaikudi,Tamil Nadu
IR-O-U-0436,Amrita Vishwa Vidyapeetham,Coimbatore,Tamil Nadu
IR-O-U-0439,Anna University,Chennai,Tamil Nadu
IR-O-U-0444,Avinashilingam Institute for Home Science & Higher Education for Women,Coimbatore,Tamil Nadu
IR-O-U-0446,Bharath Institute of Higher Education & Research,Chennai,Tamil Nadu
IR-O-U-0447,Bharathiar University,Coimbatore,Tamil Nadu
IR-O-U-0448,Bharathidasan University,Tiruchirappalli,Tamil Nadu
IR-O-U-0451,Chettinad Academy of Research and Education,"Kelambakkam, Chengalpattu District",Tamil Nadu
IR-O-U-0453,The Gandhigram Rural Institute,Gandhigram,Tamil Nadu
IR-O-U-0456,Indian Institute of Technology Madras,Chennai,Tamil Nadu
IR-O-U-0458,Kalasalingam Academy of Research and Higher Education,Srivilliputtur,Tamil Nadu
IR-O-U-0460,Karunya Institute of Technology and Sciences,Coimbatore,Tamil Nadu
IR-O-U-0463,Madurai Kamaraj University,Madurai,Tamil Nadu
IR-O-U-0464,Manonmaniam Sundaranar University,Tirunelveli,Tamil Nadu
IR-O-U-0465,Meenakshi Academy of Higher Education and Research,Chennai,Tamil Nadu
IR-O-U-0467,National Institute of Technology Tiruchirappalli,Tiruchirappalli,Tamil Nadu
IR-O-U-0470,Periyar University,Salem,Tamil Nadu
IR-O-U-0473,S.R.M. Institute of Science and Technology,Chennai,Tamil Nadu
IR-O-U-0474,Sathyabama Institute of Science and Technology,Chennai,Tamil Nadu
IR-O-U-0476,Shanmugha Arts Science Technology & Research Academy,Thanjavur,Tamil Nadu
IR-O-U-0485,Tamil Nadu Agricultural University,Coimbatore,Tamil Nadu
IR-O-U-0487,Tamil Nadu Veterinary & Animal Sciences University,Chennai,Tamil Nadu
IR-O-U-0490,Vellore Institute of Technology,Vellore,Tamil Nadu
IR-O-U-0496,Aligarh Muslim University,Aligarh,Uttar Pradesh
IR-O-U-0497,Amity University,Gautam Budh Nagar,Uttar Pradesh
IR-O-U-0498,Babasheb Bhimrao Ambedkar University,Lucknow,Uttar Pradesh
IR-O-U-0500,Banaras Hindu University,Varanasi,Uttar Pradesh
IR-O-U-0507,Dayalbagh Educational Institute,Agra,Uttar Pradesh
IR-O-U-0523,King George`s Medical University,Lucknow,Uttar Pradesh
IR-O-U-0530,Motilal Nehru National Institute of Technology,Prayagraj,Uttar Pradesh
IR-O-U-0554,G. B. Pant Universtiy of Agriculture and Technology,Pantnagar,Uttarakhand
IR-O-U-0555,Graphic Era University,Dehradun,Uttarakhand
IR-O-U-0560,Indian Institute of Technology Roorkee,Roorkee,Uttarakhand
IR-O-U-0564,University of Petroleum and Energy Studies,Dehradun,Uttarakhand
IR-O-U-0569,The University of Burdwan,Bardhaman,West Bengal
IR-O-U-0570,Calcutta University,Kolkata,West Bengal
IR-O-U-0572,Indian Institute of Science Education & Research Kolkata,Mohanpur,West Bengal
IR-O-U-0573,Indian Institute of Technology Kharagpur,Kharagpur,West Bengal
IR-O-U-0575,Jadavpur University,Kolkata,West Bengal
IR-O-U-0576,Kalyani University,Kalyani,West Bengal
IR-O-U-0577,National Institute of Technology Durgapur,Durgapur,West Bengal
IR-O-U-0584,Indian Institute of Engineering Science and Technology,Shibpur,West Bengal
IR-O-U-0589,Visva Bharati,Santiniketan,West Bengal
IR-O-U-0642,Shiv Nadar University,Dadri,Uttar Pradesh
IR-O-U-0701,Indian Institute of Technology (Banaras Hindu University) Varanasi,Varanasi,Uttar Pradesh
IR-O-U-0744,Ashoka University,Sonepat,Haryana
IR-O-U-0747,Chandigarh University,Mohali,Punjab
IR-O-U-0784,"Professor Jayashankar Telangana State Agricultural UniversityMore Details
Close | Close | TLR (100)RPC (100)GO (100)OI (100)PERCEPTION (100)72.871.7167.5241.43",Hyderabad,Telangana
IR-P-C-10250,Amar Shaheed Baba Ajit Singh Jujhar Singh Memorial College of Pharmacy,Bela,Punjab
IR-P-C-10283,"Chandigarh College of Pharmacy, Landran",Landran,Punjab
IR-P-C-10398,I. S. F. College of Pharmacy,Moga,Punjab
IR-P-C-11091,"Bharati Vidyapeeth College of Pharmacy, Kolhapur",Kolhapur,Maharashtra
IR-P-C-18900,Smt. Kishoritai Bhoyar College of Pharmacy,Nagpur,Maharashtra
IR-P-C-19322,Nitte Gulabi Shetty Memorial Institute of Pharmaceutical Sciences,Mangaluru,Karnataka
IR-P-C-19591,Sultan Ul Uloom College of  Pharmacy,Hyderabad,Telangana
IR-P-C-19613,Vishnu Institute of Pharmaceutical Education and Research,Narsapur,Telangana
IR-P-C-19747,Anurag University,Hyderabad,Telangana
IR-P-C-241,B. K. Modi Goverment Pharmacy College,Rajkot,Gujarat
IR-P-C-24505,"KLE College of Pharmacy, Belgaum",Belgaum,Karnataka
IR-P-C-26904,Sri Venkateswara College of Pharmacy,Chittoor,Andhra Pradesh
IR-P-C-26907,Raghavendra Institute of Pharmaceuatical Education & Research,Anantapur,Andhra Pradesh
IR-P-C-30858,Goa College of Pharmacy,Panaji,Goa
IR-P-C-33553,Vivekanand Education Society's College of Pharmacy,Mumbai,Maharashtra
IR-P-C-33635,Principal K.M. Kundnani College of Pharmacy,Mumbai,Maharashtra
IR-P-C-33814,Bharati Vidyapeeth's College of Pharmacy,Navi Mumbai,Maharashtra
IR-P-C-33873,Bombay College of Pharmacy,Mumbai,Maharashtra
IR-P-C-33877,SVKM's Dr. Bhanuben Nanavati College of Pharmacy,Mumbai,Maharashtra
IR-P-C-34531,Y. B. Chavan College of Pharmacy,Aurangabad,Maharashtra
IR-P-C-35006,JSS College of Pharmacy,Ooty,Tamil Nadu
IR-P-C-35007,JSS College of Pharmacy,Mysore,Karnataka
IR-P-C-35430,Poona College of Pharmacy,Pune,Maharashtra
IR-P-C-39486,Chalapathi Institute of Pharmaceutical Sciences,Guntur,Andhra Pradesh
IR-P-C-40080,Sri Adichunchanagiri College of Pharmacy,B.G Nagara,Karnataka
IR-P-C-40298,Al Ameen College Of Pharmacy,Bengaluru,Karnataka
IR-P-C-40354,Acharya & B M Reddy College of Pharmacy,Bengaluru,Karnataka
IR-P-C-409,L. M. College of Pharmacy,Ahmedabad,Gujarat
IR-P-C-41561,MAEERS Maharashtra Institute of Pharmacy,Pune,Maharashtra
IR-P-C-41951,Padamshree Dr. D. Y. Patil College of Pharmacy,Pune,Maharashtra
IR-P-C-42167,P. E. Society's Modern College of Pharmacy,Pune,Maharashtra
IR-P-C-44200,C.U. Shah College of Pharmacy,Mumbai,Maharashtra
IR-P-C-45528,KMCH College of Pharmacy,Coimbatore,Tamil Nadu
IR-P-C-45540,PSG College of Pharmacy,Coimbatore,Tamil Nadu
IR-P-C-54626,Girijananda Chowdhury Institute of Pharmaceutical Science,Guwahati,Assam
IR-P-C-6269,NSHM Knowledge Campus,Kolkata,West Bengal
IR-P-C-7249,Manipal College of Pharmaceutical Sciences,MANIPAL,Karnataka
IR-P-C-8257,AL Shifa College of Pharmacy,Kozhikode,Kerala
IR-P-I-1045,R. C. Patel Institute of Pharmaceutical Education & Research,Shirpur,Maharashtra
IR-P-I-1072,National Institute of Pharmaceutical Education and Research Kolkata,Kolkata,West Bengal
IR-P-I-1073,National Institute of Pharmaceutical Education and Research Guwahati,Guwahati,Assam
IR-P-I-1077,National Institute of Pharmaceutical Education and Research Hyderabad,Hyderabad,Telangana
IR-P-I-1243,"College of Pharmacy, Madras Medical College",Chennai,Tamil Nadu
IR-P-I-1256,Noida Institute of Engineering and Technology (Pharmacy Institute),Greater Noida,Uttar Pradesh
IR-P-I-1262,Sri Ramakrishna Institute of Paramedical Sciences,Coimbatore,Tamil Nadu
IR-P-I-1280,Maharshi Dayanand University,Rohtak,Haryana
IR-P-I-1289,Acharya Nagarjuna University College of Pharmaceutical Sciences,Guntur,Andhra Pradesh
IR-P-I-1335,Dr. D. Y. Patil Institute of Pharmaceutical Sciences and Research,Pune,Maharashtra
IR-P-I-1339,MVP Samaj's College of Pharmacy,Nashik,Maharashtra
IR-P-I-1450,AU College of Pharmaceutical Sciences,Visakhapatnam,Andhra Pradesh
IR-P-I-1486,Sri Ramachandra Institute of Higher Education and Research,Chennai,Tamil Nadu
IR-P-N-10,SVKM's Narsee Monjee Institute of Management Studies,Mumbai,Maharashtra
IR-P-N-14,National Institute of Pharmaceutical Education and Research Ahmedabad,Gandhinagar,Gujarat
IR-P-N-26,National Institute of Pharmaceutical Education and Research Raebareli,Lucknow,Uttar Pradesh
IR-P-S-10906,Guru Nanak Institute of Pharmaceutical Science & Technology,Kolkata,West Bengal
IR-P-U-0019,Kakatiya University,Hanamkonda,Telangana
IR-P-U-0034,Sri Padmavathi Mahila Visvavidyalayam,Tirupati,Andhra Pradesh
IR-P-U-0037,Sri Venkateswara University,Tirupati,Andhra Pradesh
IR-P-U-0051,Dibrugarh University,Dibrugarh,Assam
IR-P-U-0078,Panjab University,Chandigarh,Chandigarh
IR-P-U-0085,Guru Ghasidas Vishwavidyalaya,Bilaspur,Chhattisgarh
IR-P-U-0093,Pt. Ravishankar Shukla University,Raipur,Chhattisgarh
IR-P-U-0107,Jamia Hamdard,New Delhi,Delhi
IR-P-U-0143,Maharaja Sayajirao University of Baroda,Vadodara,Gujarat
IR-P-U-0146,Nirma University,Ahmedabad,Gujarat
IR-P-U-0162,Guru Jambheshwar University of Science and Technology,Hisar,Haryana
IR-P-U-0164,Kurukshetra University,Kurukshetra,Haryana
IR-P-U-0168,Maharishi Markandeshwar,Ambala,Haryana
IR-P-U-0190,Shoolini University of Biotechnology and Management Sciences,Solan,Himachal Pradesh
IR-P-U-0202,Birla Institute of Technology,Ranchi,Jharkhand
IR-P-U-0270,Devi Ahilya Vishwavidyalaya,Indore,Madhya Pradesh
IR-P-U-0308,Institute of Chemical Technology,Mumbai,Maharashtra
IR-P-U-0332,The Rashtrasant Tukadoji Maharaj Nagpur University,Nagpur,Maharashtra
IR-P-U-0373,Chitkara University,Rajpura,Punjab
IR-P-U-0379,Lovely Professional University,Phagwara,Punjab
IR-P-U-0380,National Institute of Pharmaceutical Education and Research Mohali,Mohali,Punjab
IR-P-U-0383,"Punjabi University, Patiala",Patiala,Punjab
IR-P-U-0389,Banasthali Vidyapith,Banasthali,Rajasthan
IR-P-U-0391,Birla Institute of Technology & Science -Pilani,Pilani,Rajasthan
IR-P-U-0401,Jaipur National University,Jaipur,Rajasthan
IR-P-U-0413,Mohan Lal Sukhadia University,Udaipur,Rajasthan
IR-P-U-0436,Amrita Vishwa Vidyapeetham,Coimbatore,Tamil Nadu
IR-P-U-0443,Annamalai University,Annamalainagar,Tamil Nadu
IR-P-U-0473,S.R.M. Institute of Science and Technology,Chennai,Tamil Nadu
IR-P-U-0491,"Vels Institute of Science, Technology & Advanced Studies (VISTAS)",Chennai,Tamil Nadu
IR-P-U-0497,Amity University,Gautam Budh Nagar,Uttar Pradesh
IR-P-U-0502,Bundelkhand University,Jhansi,Uttar Pradesh
IR-P-U-0513,G. L. A. University,Mathura,Uttar Pradesh
IR-P-U-0519,Integral University,Lucknow,Uttar Pradesh
IR-P-U-0536,"Sam Higginbottom Institute of Agriculture, Technology & Sciences",Allahabad,Uttar Pradesh
IR-P-U-0562,"Kumaun University, Nainital",Nainital,Uttarakhand
IR-P-U-0724,M.S. Ramaiah University of Applied Sciences,Bangalore,Karnataka
IR-P-U-0747,Chandigarh University,Mohali,Punjab
IR-P-U-0853,Delhi Pharmaceutical Sciences and Research University,Delhi,Delhi
IR-P-U-0938,Dr. Vishwanath Karad MIT World Peace University,Pune,Maharashtra
IR-R-I-1074,Indian Institute of Technology Delhi,New Delhi,Delhi
IR-R-I-1075,Indian Institute of Technology Kanpur,Kanpur,Uttar Pradesh
IR-R-I-1480,Thapar Institute of Engineering and Technology,Patiala,Punjab
IR-R-N-15,All India Institute of Medical Sciences,New Delhi,Delhi
IR-R-U-0013,Indian Institute of Technology Hyderabad,Hyderabad,Telangana
IR-R-U-0042,University of Hyderabad,Hyderabad,Telangana
IR-R-U-0053,Indian Institute of Technology Guwahati,Guwahati,Assam
IR-R-U-0064,Indian Institute of Technology Patna,Patna,Bihar
IR-R-U-0078,Panjab University,Chandigarh,Chandigarh
IR-R-U-0108,Jamia Millia Islamia,New Delhi,Delhi
IR-R-U-0109,Jawaharlal Nehru University,New Delhi,Delhi
IR-R-U-0120,University of Delhi,Delhi,Delhi
IR-R-U-0139,Indian Institute of Technology Gandhinagar,Gandhinagar,Gujarat
IR-R-U-0205,Indian Institute of Technology (Indian School of Mines),Dhanbad,Jharkhand
IR-R-U-0220,Indian Institute of Science,Bengaluru,Karnataka
IR-R-U-0224,Jawaharlal Nehru Centre for Advanced Scientific Research,Bengaluru,Karnataka
IR-R-U-0234,Manipal Academy of Higher Education,Manipal,Karnataka
IR-R-U-0236,"National Institute of Mental Health & Neuro Sciences, Bangalore",Bangalore,Karnataka
IR-R-U-0237,National Institute of Technology Karnataka,Surathkal,Karnataka
IR-R-U-0272,Indian Institute of Science Education & Research Bhopal,Bhopal,Madhya Pradesh
IR-R-U-0273,Indian Institute of Technology Indore,Indore,Madhya Pradesh
IR-R-U-0304,Homi Bhabha National Institute,Mumbai,Maharashtra
IR-R-U-0305,Indian Institute of Science Education & Research Pune,Pune,Maharashtra
IR-R-U-0306,Indian Institute of Technology Bombay,Mumbai,Maharashtra
IR-R-U-0308,Institute of Chemical Technology,Mumbai,Maharashtra
IR-R-U-0323,Savitribai Phule Pune University,Pune,Maharashtra
IR-R-U-0330,Tata Institute of Fundamental Research,Mumbai,Maharashtra
IR-R-U-0355,Indian Institute of Technology Bhubaneswar,Bhubaneswar,Odisha
IR-R-U-0357,National Institute of Technology Rourkela,Rourkela,Odisha
IR-R-U-0377,"Indian Institute of Science Education & Research, Mohali",Mohali,Punjab
IR-R-U-0378,Indian Institute of Technology Ropar,Rupnagar,Punjab
IR-R-U-0391,Birla Institute of Technology & Science -Pilani,Pilani,Rajasthan
IR-R-U-0436,Amrita Vishwa Vidyapeetham,Coimbatore,Tamil Nadu
IR-R-U-0439,Anna University,Chennai,Tamil Nadu
IR-R-U-0447,Bharathiar University,Coimbatore,Tamil Nadu
IR-R-U-0456,Indian Institute of Technology Madras,Chennai,Tamil Nadu
IR-R-U-0467,National Institute of Technology Tiruchirappalli,Tiruchirappalli,Tamil Nadu
IR-R-U-0473,S.R.M. Institute of Science and Technology,Chennai,Tamil Nadu
IR-R-U-0476,Shanmugha Arts Science Technology & Research Academy,Thanjavur,Tamil Nadu
IR-R-U-0490,Vellore Institute of Technology,Vellore,Tamil Nadu
IR-R-U-0496,Aligarh Muslim University,Aligarh,Uttar Pradesh
IR-R-U-0500,Banaras Hindu University,Varanasi,Uttar Pradesh
IR-R-U-0560,Indian Institute of Technology Roorkee,Roorkee,Uttarakhand
IR-R-U-0570,Calcutta University,Kolkata,West Bengal
IR-R-U-0572,Indian Institute of Science Education & Research Kolkata,Mohanpur,West Bengal
IR-R-U-0573,Indian Institute of Technology Kharagpur,Kharagpur,West Bengal
IR-R-U-0574,"Indian Statistical Institute, Kolkata",Kolkata,West Bengal
IR-R-U-0575,Jadavpur University,Kolkata,West Bengal
IR-R-U-0584,Indian Institute of Engineering Science and Technology,Shibpur,West Bengal
IR-R-U-0713,Academy of Scientific & Innovative Research,Ghaziabad,Uttar Pradesh
IR17-COLL-1-15615,S R M College of Arts and Science,Potheri,Tamil Nadu
IR17-COLL-1-18746,Muthayammal College of Arts & Science,Namakkal,Tamil Nadu
IR17-COLL-1-19146,Shri M.V. & Smt. N.V. Virani Science College,Rajkot,Gujarat
IR17-COLL-1-19251,Jankidevi Bajaj College of Science,Wardha,Maharashtra
IR17-COLL-1-19386,A.V.C. College-District Quaide-E-Milleth,Quaide-E-Milleth,Tamil Nadu
IR17-COLL-1-19419,Gobi Arts and Science College-Karattatipalayam Post,Karattatipalayam,Tamil Nadu
IR17-COLL-1-19427,Justice Baseer Ahmed Sayeed College for Women,Chennai,Tamil Nadu
IR17-COLL-1-19435,Meenakshi College for Women,Chennai,Tamil Nadu
IR17-COLL-1-19878,"Vitthalbhai Patel and Rajrathan, P.T. Patel Science College",Anand,Gujarat
IR17-COLL-1-19882,Bahauddin Govt. Science College,Junagadh,Gujarat
IR17-COLL-1-20029,Sri Guru Nanak Dev Khalsa College,New Delhi,Delhi
IR17-COLL-1-20049,J.G. College of Commerce,Hubli,Karnataka
IR17-COLL-1-20095,P.C. Jabin Science College,Dharwad,Karnataka
IR17-COLL-1-20151,K.B.N. College,District Krishna,Andhra Pradesh
IR17-COLL-1-21121,"St. Josephs College for Women, (Autonomous)",Visakhapatnam,Andhra Pradesh
IR17-COLL-1-21963,Little Flower College,Thrissur,Kerala
IR17-COLL-1-24617,Nanded Education Society`s Science College,Nanded,Maharashtra
IR17-COLL-1-27982,K.S. Rangaswamy College of Arts and Science,Tiruchengode,Tamil Nadu
IR17-COLL-1-29947,Assumption College,Kottayam,Kerala
IR17-COLL-1-30222,AU College of Science and Technology,Visakhapatnam,Andhra Pradesh
IR17-COLL-1-30551,"Government College of Arts, Science and Commerce Quepem",Quepem,Goa
IR17-COLL-1-30707,K.S.R. College of Arts and Science for Women,Namakkal,Tamil Nadu
IR17-COLL-1-59902,Saiva Bhanu Kshatriya College,Virudhnagar,Tamil Nadu
IR17-COLL-2-1-2811558558,SNR Sons College,Coimbatore,Tamil Nadu
IR17-COLL-2-1-2814445210,Bharti Vidyapeeth`s Matoshri Bayabai Shripatrao Kadam Kanya Mahavidyalaya,Sangli,Maharashtra
IR17-COLL-2-13947,V.S.M. College,Ramachandrapuram,Andhra Pradesh
IR17-COLL-2-14209,Hindusthan College of Arts and Science,Coimbatore,Tamil Nadu
IR17-COLL-2-15860,Sacred Heart College (Autonomous),Tirupattur,Tamil Nadu
IR17-COLL-2-15929,Thanthai Hans Roever College,Perambalur,Tamil Nadu
IR17-COLL-2-18715,Raja Narendralal Khan Women's College,District Midnapore,West Bengal
IR17-COLL-2-18873,Sri D. Manjunatheswara College,Dakshin Kannad,Karnataka
IR17-COLL-2-18887,Nirmala College,Ernakulam,Kerala
IR17-COLL-2-18891,St. Teresa's College,Ernakula,Kerala
IR17-COLL-2-18987,Vivekanand College,Kolhapur,Maharashtra
IR17-COLL-2-19204,Gayatri Vidya Parishad College for Degree and P.G Courses (Autonomous),District Visakapatnam,Andhra Pradesh
IR17-COLL-2-19229,Degree College of Physical Education,Amravati,Maharashtra
IR17-COLL-2-19306,Symbiosis College of Arts and Commerce,Pune,Maharashtra
IR17-COLL-2-19438,Srimathi D.N. Bhat Vaishnav College for Women,Kancheepuram,Tamil Nadu
IR17-COLL-2-19444,MES Keveeyam College,Valanchary,Kerala
IR17-COLL-2-19551,J.B. College,District Jorhat,Assam
IR17-COLL-2-19869,Govt. College,District Anantapur,Andhra Pradesh
IR17-COLL-2-19929,Mannam Memroial N.S.S. College,Kollam,Kerala
IR17-COLL-2-20162,S.D.M.S.M. Kalasala,District Krishna,Andhra Pradesh
IR17-COLL-2-20199,Mercy College,Palakkad,Kerala
IR17-COLL-2-21977,St. Mary's College,Thrissur,Kerala
IR17-COLL-2-24847,Nirmala College for Women,Coimbatore,Tamil Nadu
IR17-COLL-2-29130,Shaheed Bhagat Singh College (Evening Classes),New Delhi,Delhi
IR17-COLL-2-29281,Mehr Chand Mahajan D.A.V. College for Women,"Sector-36, Chandigarh",Chandigarh
IR17-COLL-2-30226,AU College of Arts and Commerce,Visakhapatnam,Andhra Pradesh
IR17-COLL-2-30258,Dr.V.S.Krishna Govt. Degree College,Visakhapatnam,Andhra Pradesh
IR17-COLL-2-30622,Shri Shankarlal Sundarbai Shasun Jain College for Women,Chennai,Tamil Nadu
IR17-COLL-2-30643,Sai College of Computer Education,Osmanabad,Maharashtra
IR17-ENGG-1-1-2811256746,Sri Sivasubrmaniya Nadar College of Engineering,Kalavakkam,Tamil Nadu
IR17-ENGG-1-1-2811457679,"PSNA College of Engineering and Technology, Dindigul",Dindigul,Tamil Nadu
IR17-ENGG-1-17931,"Faculty of Technology & Engineering, The Maharaja Sayajirao University of Baroda",Vadodara,Gujarat
IR17-ENGG-1-26228,C.V. Raman College of Engineering,Bhubneshwar,Odisha
IR17-ENGG-2-1-11112,Vel Tech Rangarajan Dr.Sagunthala R&D Institute of Science and Technology,Chennai,Tamil Nadu
IR17-ENGG-2-1-2810997882,K.S.Rangasamy College of Technology,Tiruchengode,Tamil Nadu
IR17-ENGG-2-1-2813959492,Thapar University,Patiala,Punjab
IR17-ENGG-2-1-424,"Pandit Dwarka Prasad Mishra Indian Institute of Information Technology, Design and Manufacturing (IIITDM), Jabalpur",Jabalpur,Madhya Pradesh
IR17-ENGG-2-1-596,S.R.M Institute of Science and Technology,Chennai,Tamil Nadu
IR17-ENGG-2-1-NEW5,"National Institute of Industrial Engineering, Mumbai",Mumbai,Maharashtra
IR17-ENGG-2-10476,"Maharashtra Institute of Technology, Pune",Pune,Maharashtra
IR17-ENGG-2-10949,Zakir Husain College of Engineering & Technology,Aligarh,Uttar Pradesh
IR17-ENGG-2-12411,Sri Sai Ram Engineering College,Chennai,Tamil Nadu
IR17-ENGG-2-12581,ST. Joseph's College of Engineering,Chennai,Tamil Nadu
IR17-ENGG-2-18259,AMITY University,Gautam Budh Nagar,Uttar Pradesh
IR17-ENGG-2-18296,Jaypee University of Information Technology-Solan,Solan,Himachal Pradesh
IR17-ENGG-2-18477,Shanmugha Arts Science Technology & Research Academy (SASTRA),Thanjavur,Tamil Nadu
IR17-ENGG-2-18599,Birla Institute of Technology  & Science -Pilani,Pilani,Rajasthan
IR17-ENGG-2-18620,"Malaviya National Institute of Technology, Jaipur",Jaipur,Rajasthan
IR17-ENGG-2-18672,"Indian Institute of Technology (Banaras Hindu University), Varanasi",Varanasi,Uttar Pradesh
IR17-ENGG-2-18690,"Indian Institute of Engineering Science And Technology, Shibpur",Howrah,West Bengal
IR17-I-1-1-18708,Indian Institute of Management Tiruchirappalli,Tiruchirappalli,Tamil Nadu
IR17-I-1-1-217,Indian Institute of Management Bangalore,Bengaluru,Karnataka
IR17-I-1-1-249,Indian Institute of Space Science and Technology,Thiruvananthapuram,Kerala
IR17-I-1-1-2811256746,Sri Sivasubrmaniya Nadar College of Engineering,Kalavakkam,Tamil Nadu
IR17-I-1-1-347,Indian Institute of Management Kashipur,Kashipur,Uttarakhand
IR17-I-1-12080,Indian Institute of Crop Processing Technology,Thanjavur,Tamil Nadu
IR17-I-1-18289,Jawaharlal Nehru Technological University,Kakinada,Andhra Pradesh
IR17-I-1-18637,"Indian Institute of Science Education & Research, Pune",Pune,Maharashtra
IR17-I-1-18698,Indian Institute of Management Ahmedabad,Ahmedabad,Gujarat
IR17-I-1-18703,Indian Institute of Management Kozhikode,Kozhikode,Kerala
IR17-I-1-18704,Indian Institute of Management Lucknow,Lucknow,Uttar Pradesh
IR17-I-1-18709,Indian Institute of Management Udaipur,Udaipur,Rajasthan
IR17-I-1-18710,Rajiv Gandhi Indian Institute of Management,Shillong,Meghalaya
IR17-I-1-30713,"Punjab Agricultural University, Ludhiana",Ludhiana,Punjab
IR17-I-2-1-11112,Vel Tech Rangarajan Dr.Sagunthala R&D Institute of Science and Technology,Chennai,Tamil Nadu
IR17-I-2-1-178,Dr. Y.S.Parmar University of Horticulture & Forestry,Solan,Himachal Pradesh
IR17-I-2-1-243,Indian Agricultural Research Institute,New Delhi,Delhi
IR17-I-2-1-2812182676,Gandhi Institute of Technology and Management (GITAM),Visakhapatnam,Andhra Pradesh
IR17-I-2-1-299,Jagadguru Sri Shivarathreeshwara University,Mysore,Karnataka
IR17-I-2-1-33,Annamalai University,Annamalainagar,Tamil Nadu
IR17-I-2-1-373,Kurukshetra University,Kurushetra,Haryana
IR17-I-2-1-57,B.S. Abdur Rahman Institute of Science and Technology,Chennai,Tamil Nadu
IR17-I-2-1-570,Rajasthan University,Jaipur,Rajasthan
IR17-I-2-1-661,Sri Ramachandra University,Chennai,Tamil Nadu
IR17-I-2-1-670,Sri Venkateswara Veterinary University,Tirupati,Andhra Pradesh
IR17-I-2-1-N001,Sri Krishnadevaraya University,Anantapur,Andhra Pradesh
IR17-I-2-15640,Vidyasagar University,Midnapore,West Bengal
IR17-I-2-18214,Guru Angad Dev Veterinary & Animal Sciences University,Ludhiana,Punjab
IR17-I-2-18243,Indian Institute of Science Bangalore,Bengaluru,Karnataka
IR17-I-2-18259,AMITY University,Gautam Budh Nagar,Uttar Pradesh
IR17-I-2-18296,Jaypee University of Information Technology-Solan,Solan,Himachal Pradesh
IR17-I-2-18311,Karpagam Academy of Higher Education,Coimbatore,Tamil Nadu
IR17-I-2-18356,Mahatma Gandhi Unversity,Kottayam,Kerala
IR17-I-2-18364,Manipal Academy of Higher Education-Manipal,Manipal,Karnataka
IR17-I-2-18407,NITTE University,Mangalore,Karnataka
IR17-I-2-18446,Rajasthan University of Veterinary & Animal Sciences,Bikaner,Rajasthan
IR17-I-2-18551,University of Allahabad,Allahabad,Uttar Pradesh
IR17-I-2-18693,"National Institute of Pharmaceutical Education and Research, Hyderabad",Hyderabad,Telangana
IR17-I-2-277952,Assam University-Silchar,Silchar,Assam
IR17-I-2-30673,Jawaharlal Nehru Centre for Advanced Scientific Research,Bengaluru,Karnataka
IR17-MGMT-1-1-2811763720,Xavier Institute of Management & Entrepreneurship,Bengaluru,Karnataka
IR17-MGMT-1-15717,MIT School of Telecom Management,Pune,Maharashtra
IR17-MGMT-1-15764,Bharati Vidyapeeth?s Institute of Management and Entrepreneurship Development,Pune,Maharashtra
IR17-MGMT-2-1-2811092269,Sri Krishna College of Engineering and Technology,Coimbatore,Tamil Nadu
IR17-MGMT-2-10563,Tezpur University,Tezpur,Assam
IR17-MGMT-2-18477,Shanmugha Arts Science Technology & Research Academy (SASTRA),Thanjavur,Tamil Nadu
IR17-PHRM-1-1-2815712186,Gurunanak College of Pharmacy,Nagpur,Maharashtra
IR17-PHRM-1-17169,Institute of Pharmaceutical Education and Research,Wardha,Maharashtra
IR17-PHRM-1-17659,"Sanjivani College of Pharmaceutical Education and Research, Kopargaon",Kopargaon,Maharashtra
IR17-PHRM-1-17746,AISSMS College of Pharmacy,Pune,Maharashtra
IR17-PHRM-1-17804,I.S. F. College of Pharmacy,Moga,Punjab
IR17-PHRM-1-17868,"Department of Pharmaceutical Sciences, Maharshi Dayanand University, Rohtak.",Rohtak,Haryana
IR17-PHRM-1-22,Dr. Harisingh Gour Vishwavidyalaya-Sagar,Sagar,Madhya Pradesh
IR17-PHRM-2-1-216,Guru Jambeshwar University of Science and Technology,Hissar,Haryana
IR17-PHRM-2-18023,University Institute of Pharmaceutical Sciences,Chandigarh,Chandigarh
